{"bootstrap0": {"IqrAcrossRuns": [0.03219589862361074, 0.22155320158235758, 0.16293687521909891, 0.03328610330861447, 0.03732119100349241, 0.008957660944361913, 0.01789700747996424, 0.008688541138752077, 0.018057835232516552, 0.00269111452160244, 0.010460985297049679, 0.005092725920810906, 0.011789303159862801, 0.012645408117535421, 0.0077431541939073185, 0.003975427045289527, 0.0027413998238300474, 0.0026176937518656825], "LowerCVaROnAcross": [-1958.8092874331337, -1957.2522552356872, -1958.0843259601547, -1957.7453618695995, -1956.7150916943024, -1957.0917160340591, -1959.1570886729473, -1959.8740751352793, -1957.9998400220443, -1956.4021042316267, -1956.7324384975832, -1957.1879726110888, -1956.8393942484922, -1957.4045785354115, -1959.3319337152402, -1960.8868511075011, -1961.4531166051652, -1961.5919648740578]}, "bootstrap1": {"IqrAcrossRuns": [0.04637628158861396, 0.34825517675221174, 0.3231381167408897, 0.11673711940635796, 0.056600604744366755, 0.03443610559984499, 0.029672648097954023, 0.02341675202212995, 0.018264740184632568, 0.008085955530159667, 0.017502502682134477, 0.018196447654433512, 0.00807990938660131, 0.00837979764386751, 0.009852506189910673, 0.009056069085197132, 0.008489478264906534, 0.008328335778297741], "LowerCVaROnAcross": [-1.0614890501318255, -0.9400041176437391, -0.5649798151452708, -0.14695720526315287, -0.04683973514400793, -0.06804687950640143, -0.05775186098239397, -0.051503672702273746, -0.036974162759360135, -0.045092353067925244, -0.0538904876884925, -0.04173080817522475, -0.047943849029910474, -0.046244127890026764, -0.03747390009714727, -0.03861873249059422, -0.03752777988594261, -0.0371704359092271]}, "bootstrap2": {"IqrAcrossRuns": [0.05201165620979217, 0.32867750620000163, 0.30489813261552046, 0.11384208959525634, 0.03732119100349241, 0.02541614553446456, 0.04877989534434045, 0.030308978704754113, 0.021159417172761295, 0.008761806049421655, 0.015290748942134811, 0.01157498347048844, 0.011789303159862801, 0.012645408117535421, 0.010562323629451168, 0.010065237648397738, 0.009372999105426475, 0.009184740856310044], "LowerCVaROnAcross": [-1958.8092874331337, -1957.2522552356872, -1958.0843259601547, -1957.7453618695995, -1956.7150916943024, -1957.0917160340591, -1959.1570886729473, -1959.8740751352793, -1957.9998400220443, -1956.4021042316267, -1956.7324384975832, -1957.1879726110888, -1956.8393942484922, -1957.4045785354115, -1959.3319337152402, -1960.8868511075011, -1961.4531166051652, -1961.5919648740578]}}