{"IqrWithinRuns": [[0.0, 0.0, 0.0, 0.0008898015058179335, 0.002737850787132103, 0.005338809034907601, 0.004859685147159482, 0.00479123887748118, 0.004654346338124575, 0.0046543463381245745, 0.004312114989733063, 0.003969883641341549, 0.0039014373716632473, 0.0013689253935660515, 0.0, 0.0, 0.0, 0.0], [0.0, 0.0001, 0.0012000000000000001, 0.0006, 0.00025, 0.0002, 0.0002, 0.00025, 0.0003, 0.0004, 0.0002, 0.0002, 0.0002, 0.0002, 0.0002, 0.0002, 0.0002, 0.0002], [0.0, 0.00030287733467945495, 0.004846037354871279, 0.0028268551236749133, 0.000959111559818274, 0.0007571933366986375, 0.0006057546693589099, 0.0005552751135790007, 0.0007067137809187283, 0.0006057546693589099, 0.00040383644623927326, 0.00035335689045936416, 0.00020191822311963663, 0.00020191822311963663, 0.00020191822311963663, 0.00020191822311963663, 0.00020191822311963663, 0.00020191822311963663], [0.0, 0.0, 0.0012121212121212121, 0.0017171717171717174, 0.00040404040404040404, 0.0003535353535353536, 0.00040404040404040404, 0.00020202020202020202, 0.00020202020202020202, 0.00020202020202020202, 0.00020202020202020202, 0.00020202020202020202, 0.0002525252525252525, 0.00020202020202020202, 0.00020202020202020202, 0.00020202020202020202, 0.00020202020202020202, 0.00020202020202020202], [NaN, NaN, NaN, NaN, NaN, NaN, NaN, NaN, NaN, NaN, NaN, NaN, NaN, NaN, NaN, NaN, NaN, NaN], [NaN, NaN, NaN, NaN, NaN, NaN, NaN, NaN, NaN, NaN, NaN, NaN, NaN, NaN, NaN, NaN, NaN, NaN], [NaN, NaN, NaN, NaN, NaN, NaN, NaN, NaN, NaN, NaN, NaN, NaN, NaN, NaN, NaN, NaN, NaN, NaN], [0.0, 0.0, 0.00135, 0.002, 0.0006, 0.0004, 0.0004, 0.0003, 0.0002, 0.0004, 0.0002, 0.0002, 0.0002, 0.0002, 0.0002, 0.0002, 0.0003, 0.0005], [0.0, 0.0, 0.0012115093387178198, 0.0005552751135790008, 0.00030287733467945495, 0.00030287733467945495, 0.00020191822311963663, 0.00030287733467945495, 0.00040383644623927326, 0.00020191822311963663, 0.00020191822311963663, 0.00020191822311963663, 0.00030287733467945495, 0.00030287733467945495, 0.00030287733467945495, 0.00035335689045936416, 0.00020191822311963663, 0.00020191822311963663], [0.0, 0.0, 0.0, 0.0, 0.0, 0.0, 0.0, 0.0, 0.0, 0.0, 0.0, 0.0, 0.0, 0.0, 0.0, 0.0, 0.0, 0.0], [0.0, 0.0, 0.0, 0.0, 0.0, 0.0, 0.0, 0.0, 0.0, 0.0, 0.0, 0.0, 0.0, 0.0, 0.0, 0.0, 0.0, 0.0]], "LowerCVaROnDiffs": [-0.006338124572210818, -0.0017375, -0.003533568904593641, -0.0018650793650793651, NaN, NaN, NaN, -0.0026870370370370373, -0.0012330252149518794, -0.013833333333333335, -0.01925925925925926], "LowerCVaROnDrawdown": [0.03503368276955217, 0.0, 0.0, 0.0, NaN, NaN, NaN, 0.0, 0.0, 1.842911877394636, 0.4603174603174603], "IqrAcrossRuns": [0.046432207219055506, 0.4260400627181778, 0.9285560748546206, 1.2693679046956563, 1.3401420506464938, 1.266405412138542, 1.274536141941457, 1.3078361919860417, 1.3149729550004452, 1.2979608084582157, 1.3007015533189548, 1.3110276281403854, 1.3133815809532319, 1.309111119075819, 1.3035199172093748, 1.3006801567456263, 1.2989255735149634, 1.2982057529402449], "LowerCVaROnAcross": [-98.14672491859437, -98.15912371281195, -98.10433541571842, -98.29044469747657, -98.4635408428768, -98.2398604305265, -98.0606340744572, -98.14098913842929, -98.3853475989323, -98.3827737855197, -98.17937198979007, -98.03977720576859, -98.11959959856767, -98.18488751678603, -98.10444479164437, -97.9244370989046, -97.78072539785455, -97.74784486488124], "MedianPerfDuringTraining": [[-100.0, -100.0, -100.0, -98.0, -84.0, -66.0, -51.5, -44.5, -40.5, -42.5, -52.5, -66.0, -66.0, -94.5, -100.0, -100.0, -100.0, -100.0], [-100.0, -100.0, -71.0, -4.0, -3.0, -2.5, -2.0, -3.0, -3.0, -2.0, -2.0, -2.0, -2.0, -2.0, -2.0, -2.0, -2.0, -2.0], [-100.0, -100.0, -68.0, -17.5, -6.0, -4.0, -4.0, -4.0, -5.0, -4.0, -3.0, -3.0, -2.0, -2.0, -2.0, -2.0, -2.0, -2.0], [-100.0, -100.0, -97.5, -28.5, -4.0, -3.0, -3.0, -2.0, -2.0, -2.0, -2.0, -2.0, -3.0, -3.0, -2.5, -2.0, -2.0, -3.0], [-100.0, -100.0, -100.0, -100.0, -100.0, -100.0, -100.0, -100.0, -100.0, -100.0, -100.0, -100.0, -100.0, -100.0, -100.0, -100.0, -100.0, -100.0], [-100.0, -100.0, -100.0, -100.0, -100.0, -100.0, -100.0, -100.0, -100.0, -100.0, -100.0, -100.0, -100.0, -100.0, -100.0, -100.0, -100.0, -100.0], [-100.0, -100.0, -100.0, -100.0, -100.0, -100.0, -100.0, -100.0, -100.0, -100.0, -100.0, -100.0, -100.0, -100.0, -100.0, -100.0, -100.0, -100.0], [-100.0, -100.0, -94.5, -18.0, -3.0, -3.0, -2.5, -2.0, -2.0, -2.0, -2.0, -2.0, -2.0, -2.0, -2.0, -2.0, -3.0, -3.0], [-100.0, -100.0, -58.5, -3.5, -2.0, -2.0, -2.5, -2.0, -2.0, -2.0, -2.0, -2.0, -2.0, -2.0, -3.0, -3.0, -2.5, -2.0], [-100.0, -100.0, -100.0, -100.0, -100.0, -100.0, -100.0, -100.0, -100.0, -100.0, -100.0, -100.0, -100.0, -100.0, -100.0, -100.0, -100.0, -100.0], [-100.0, -100.0, -100.0, -100.0, -100.0, -100.0, -100.0, -100.0, -100.0, -100.0, -100.0, -100.0, -100.0, -100.0, -100.0, -100.0, -100.0, -100.0]]}