{"permutation0": {"curves1": {"IqrAcrossRuns": [0.049596006089037324, 0.34795383339533026, 0.37733909061087517, 0.23365769799117245, 0.05924235056743361, 0.05037659152402937, 0.023383008341087662, 0.018974753036460193, 0.013051326406787416, 0.013655721525456119, 0.01170274513029364, 0.0107828241497235, 0.010440594533209308, 0.01091308659786313, 0.011530199136524626, 0.01038285385120006, 0.00977546952673667, 0.0096067069141303], "LowerCVaROnAcross": [-1.0609096928304893, -0.9816185496643354, -1.001240825522771, -0.9377480203785041, -0.6898917984180527, -0.33145413842568533, -0.06932102953327049, -0.21858037874684347, -0.7184700272998426, -1.0400266402682574, -1.0345884470992934, -0.9762218628710861, -1.0317705320983845, -0.9993222938449828, -0.729625589969058, -0.4171001989753967, -0.26992274810680916, -0.24522534201301868]}, "curves2": {"IqrAcrossRuns": [0.024763416816145307, 0.07191045815570195, 0.1606975655960544, 0.13973486098128554, 0.03534007461058157, 0.024312708857617323, 0.011995199968590883, 0.021326109326934642, 0.0053394051021083055, 0.009794951619869919, 0.004661039185636172, 0.00655544258191826, 0.005174099539899278, 0.006009698220474166, 0.0042648333586312835, 0.0038815252331629454, 0.004681325380992184, 0.004691256804942033], "LowerCVaROnAcross": [-1.0653686343757085, -0.8641283019087788, -0.546770541614935, -0.2053544531813072, -0.08113208990327635, -0.055496811370002376, -0.058202839416065924, -0.22109744527601677, -0.7243444806455347, -1.0745991959640717, -1.1094726681388842, -1.0188083653475315, -0.9981106717584306, -1.033216777698504, -1.0445611928672787, -1.0297913071726954, -1.0195238361856367, -1.0177139344275297]}}, "permutation1": {"curves1": {"IqrAcrossRuns": [0.040987703391483776, 0.3186748885081025, 0.4199487018952216, 0.25741654256899577, 0.059793073851709434, 0.05634667828619558, 0.027289890704497975, 0.023936581511186012, 0.012925774763615753, 0.011837785313939754, 0.013577497518342634, 0.015451626399989872, 0.013592815007601832, 0.01240054112625901, 0.009932212504379425, 0.00790500786473904, 0.007708049359613266, 0.007822958649224134], "LowerCVaROnAcross": [-1.0609096928304893, -0.9816185496643354, -1.001240825522771, -0.9377480203785041, -0.6898917984180527, -0.33145413842568533, -0.06932102953327049, -0.21858037874684347, -0.7184700272998426, -1.0400266402682574, -1.0345884470992934, -0.9762218628710861, -1.0317705320983845, -0.9993222938449828, -0.729625589969058, -0.4171001989753967, -0.26992274810680916, -0.24522534201301868]}, "curves2": {"IqrAcrossRuns": [0.03250368296913765, 0.11375975927318455, 0.22798536144627235, 0.16324780017573018, 0.057326426364311185, 0.028281733294908892, 0.01777232972996614, 0.01903280295144844, 0.005641348477281079, 0.010935929655425846, 0.008774509267320384, 0.008073898959884154, 0.0047246095804102705, 0.004086838784261498, 0.005796971480500049, 0.010058869981516972, 0.009569378862248781, 0.009330817926799597], "LowerCVaROnAcross": [-1.0653686343757085, -0.860712126774266, -0.5369146790486792, -0.2826960781376439, -0.08311250852460576, -0.06403489927734748, -0.058202839416065924, -0.22109744527601677, -0.7243444806455347, -1.0745991959640717, -1.1094726681388842, -1.0188083653475315, -0.9981106717584306, -1.033216777698504, -1.0445611928672787, -1.0297913071726954, -1.0195238361856367, -1.0177139344275297]}}, "permutation2": {"curves1": {"IqrAcrossRuns": [0.026837213415311027, 0.2919681027504249, 0.3149973783933221, 0.19552645305835661, 0.07935358102667596, 0.05198699862371503, 0.033320231595369974, 0.02447623308817692, 0.011916398610498593, 0.01498082536273425, 0.014867215699471189, 0.013656078528276811, 0.009593935734286402, 0.01045856085630599, 0.010582709715555298, 0.012099100145123783, 0.0122507650123559, 0.012202764947618688], "LowerCVaROnAcross": [-1.0532010130043605, -0.9816185496643354, -1.001240825522771, -0.9377480203785041, -0.6898917984180527, -0.33145413842568533, -0.06932102953327049, -0.22109744527601677, -0.7243444806455347, -1.0745991959640717, -1.1094726681388842, -1.0188083653475315, -0.9981106717584306, -1.033216777698504, -1.0445611928672787, -1.0297913071726954, -1.0195238361856367, -1.0177139344275297]}, "curves2": {"IqrAcrossRuns": [0.033153169065276024, 0.1692115589407535, 0.24932135505645497, 0.1561720582937358, 0.04702574457561656, 0.03945684777999693, 0.01177459279960394, 0.016013918397900572, 0.009984453747590568, 0.008903068900017639, 0.007496923984156763, 0.010127634441762255, 0.006739147624991168, 0.005612474459953505, 0.005667156306939927, 0.0040831478518118264, 0.004698818054209566, 0.004846855082824832], "LowerCVaROnAcross": [-1.0653686343757085, -0.9812384358751219, -0.7359621872260415, -0.33934427676832507, -0.041679790794305206, -0.055496811370002376, -0.058202839416065924, -0.21858037874684347, -0.7184700272998426, -1.0400266402682574, -1.0345884470992934, -0.9762218628710861, -1.0317705320983845, -0.9993222938449828, -0.729625589969058, -0.4171001989753967, -0.26992274810680916, -0.24522534201301868]}}}