{"permutation0": {"curves1": {"IqrAcrossRuns": [0.06014905829338545, 0.3637536583468065, 0.41720631827418914, 0.18902157645388906, 0.04803145904035629, 0.0576676689538273, 0.029548555292326095, 0.02072774886010323, 0.011048892549247104, 0.011927183952379971, 0.006060819251598901, 0.011444886980851984, 0.007465831315349849, 0.008211299335894467, 0.01113161706407054, 0.00994469615054435, 0.009962818772183794, 0.009996793743500291], "LowerCVaROnAcross": [-1.0614890501318255, -0.9816185496643354, -1.001240825522771, -0.9377480203785041, -0.6898917984180527, -0.33145413842568533, -0.06932102953327049, -0.21858037874684347, -0.7184700272998426, -1.0400266402682574, -1.0345884470992934, -0.9762218628710861, -1.0317705320983845, -0.9993222938449828, -0.729625589969058, -0.4171001989753967, -0.26992274810680916, -0.24522534201301868]}, "curves2": {"IqrAcrossRuns": [0.048171068842864914, 0.4193294732776836, 0.41905932475288593, 0.16882665276682082, 0.05928418732819336, 0.040165859752216135, 0.03468861528197507, 0.10200779142927931, 0.35031370954969776, 0.4825009247463009, 0.48852894487142406, 0.48098998107617547, 0.4746859699429014, 0.489612381352631, 0.4853757877686944, 0.4850757679553944, 0.4837296519255383, 0.48314082160191707], "LowerCVaROnAcross": [-1958.8092874331337, -1957.2522552356872, -1958.0843259601547, -1957.7453618695995, -1956.7150916943024, -1957.0917160340591, -1959.1570886729473, -1959.8740751352793, -1957.9998400220443, -1956.4021042316267, -1956.7324384975832, -1957.1879726110888, -1956.8393942484922, -1957.4045785354115, -1959.3319337152402, -1960.8868511075011, -1961.4531166051652, -1961.5919648740578]}}, "permutation1": {"curves1": {"IqrAcrossRuns": [0.05900337823007104, 0.40939028085224266, 0.44393268748447196, 0.20542277935332423, 0.02698809504522786, 0.03813248825263347, 0.024589598912945994, 0.02042339438174264, 0.01207977704712292, 0.005438550229504211, 0.009996748231066376, 0.013715112054069209, 0.017637969520791896, 0.016311384707661632, 0.01061833778012744, 0.012072504207558187, 0.013900676222862299, 0.014019979898244586], "LowerCVaROnAcross": [-1.0614890501318255, -0.9816185496643354, -1.001240825522771, -0.9377480203785041, -0.6898917984180527, -0.33145413842568533, -0.06932102953327049, -0.21858037874684347, -0.7184700272998426, -1.0400266402682574, -1.0345884470992934, -0.9762218628710861, -1.0317705320983845, -0.9993222938449828, -0.729625589969058, -0.4171001989753967, -0.26992274810680916, -0.24522534201301868]}, "curves2": {"IqrAcrossRuns": [0.04602886575470519, 0.396345307321472, 0.4795044780809415, 0.19309414160830765, 0.06752466669048514, 0.05138698851974948, 0.030560898937356026, 0.023108723186349663, 0.019162225356260547, 0.011665761937612769, 0.019571028227496578, 0.012664804151605936, 0.010147782697940345, 0.013075506767763048, 0.0114748635833201, 0.00876148068846613, 0.007858316687589566, 0.007854033800534978], "LowerCVaROnAcross": [-1958.8092874331337, -1957.2522552356872, -1958.0843259601547, -1957.7453618695995, -1956.7150916943024, -1957.0917160340591, -1959.1570886729473, -1959.8740751352793, -1957.9998400220443, -1956.4021042316267, -1956.7324384975832, -1957.1879726110888, -1956.8393942484922, -1957.4045785354115, -1959.3319337152402, -1960.8868511075011, -1961.4531166051652, -1961.5919648740578]}}, "permutation2": {"curves1": {"IqrAcrossRuns": [0.049449794166310894, 0.29804167110208024, 0.3795271754173043, 0.26044595046018076, 0.08544752473185219, 0.07664439262701922, 0.03916261492156426, 0.02572436130840866, 0.01630183899726725, 0.010569631287996184, 0.020423558083566617, 0.014114452317431943, 0.0072177195844456326, 0.008549493250012025, 0.011199695295034902, 0.014121672260534937, 0.015565134780849607, 0.015618086870163516], "LowerCVaROnAcross": [-1.0614890501318255, -0.9816185496643354, -1.001240825522771, -0.9377480203785041, -0.6898917984180527, -0.33145413842568533, -0.0813206886940734, -0.22109744527601677, -0.7243444806455347, -1.0745991959640717, -1.1094726681388842, -1.0188083653475315, -0.9981106717584306, -1.033216777698504, -1.0445611928672787, -1.0297913071726954, -1.0195238361856367, -1.0177139344275297]}, "curves2": {"IqrAcrossRuns": [0.04687269861577647, 0.3303730326507976, 0.3227396631085607, 0.11786550707993367, 0.02319011824653004, 0.02715248877958474, 0.018205103549848656, 0.01311708766889074, 0.015900036981855645, 0.0063407927686146785, 0.007082535993006953, 0.010752196387101254, 0.020192427231167657, 0.017831341406254548, 0.010076700102425647, 0.0054903652082306745, 0.005909488739568247, 0.0059659521252268186], "LowerCVaROnAcross": [-1958.8092874331337, -1957.2522552356872, -1958.0843259601547, -1957.7453618695995, -1956.7150916943024, -1957.0917160340591, -1959.1570886729473, -1959.8740751352793, -1957.9998400220443, -1956.4021042316267, -1956.7324384975832, -1957.1879726110888, -1956.8393942484922, -1957.4045785354115, -1959.3319337152402, -1960.8868511075011, -1961.4531166051652, -1961.5919648740578]}}}