{"IqrWithinRuns": [[0.0, 0.0, 0.0, 0.0, 0.0, 0.0, 0.0, 0.0, 0.0, 0.0], [0.0, 0.00045, 0.00035000000000000005, 0.0004, 0.0002, 0.0002, 0.0002, 0.0002, 0.0002, 0.0003], [0.0, 0.0006060606060606061, 0.00020202020202020202, 0.00040404040404040404, 0.00030303030303030303, 0.00020202020202020202, 0.00020202020202020202, 0.00020202020202020202, 0.00020202020202020202, 0.00020202020202020202], [0.0, 0.0010500000000000002, 0.0002, 0.0004, 0.0002, 0.0002, 0.0002, 0.0002, 0.0002, 0.00035000000000000005], [0.0, 0.002142857142857143, 0.00040816326530612246, 0.00045918367346938773, 0.00040816326530612246, 0.00020408163265306123, 0.0003571428571428572, 0.00025510204081632655, 0.0003061224489795918, 0.00040816326530612246], [0.0, 0.0005, 0.0003, 0.0002, 0.0002, 0.0002, 0.00025, 0.0004, 0.0004, 0.0003]], "LowerCVaROnDiffs": [-0.01600000000001455, -0.0009823529411764707, -0.0012767676767676769, -0.0016237288135593218, -0.002292139077853363, -0.0012793650793650794], "LowerCVaROnDrawdown": [11.08108108109116, 0.0, 0.0, 0.0, 0.0, 0.0], "IqrAcrossRuns": [0.12957886699401538, 0.09663462212012959, 0.029842753582249363, 0.01404368650740596, 0.017655205488823815, 0.005345109826656704, 0.01142207376062163, 0.00913808226310813, 0.005297917431728074, 0.0051851115729227865], "LowerCVaROnAcross": [-1957.2189206726757, -1958.0843259601547, -1956.7150916943024, -1959.1570886729473, -1957.9998400220443, -1956.7324384975832, -1956.8393942484922, -1959.3319337152402, -1961.4531166051652, -1961.6017434580222], "MedianPerfDuringTraining": [[-100.0, -100.0, -100.0, -100.0, -100.0, -100.0, -100.0, -100.0, -100.0, -100.0], [-100.0, -91.0, -3.0, -3.0, -2.0, -2.0, -2.0, -2.0, -2.0, -2.0], [-100.0, -12.5, -2.0, -3.0, -3.0, -2.0, -2.0, -2.0, -2.0, -2.0], [-100.0, -51.5, -2.0, -3.0, -2.0, -2.0, -3.0, -2.0, -2.0, -3.0], [-100.0, -39.5, -3.0, -3.0, -3.0, -2.5, -2.5, -3.0, -3.0, -2.0], [-100.0, -3.5, -2.0, -2.0, -3.0, -3.0, -2.0, -3.0, -3.0, -3.0]]}