{"bootstrap0": {"IqrAcrossRuns": [0.01184047259569752, 0.1420676032003888, 0.2569769730667258, 0.4315570578058681, 0.36205723319297695, 0.1818943287518268, 0.02761521570148803, 0.018670031108628474, 0.0181087251736876, 0.021360048286364085, 0.006986789712220536, 0.007402901337929282, 0.003112068766796836, 0.005424307814921856, 0.005600822065351534, 0.010978195351033415, 0.012372786164420143, 0.01259201436397328], "LowerCVaROnAcross": [-1.0291789644939724, -0.9816185496643354, -1.001240825522771, -0.9377480203785041, -0.6898917984180527, -0.33145413842568533, -0.06932102953327049, -0.22109744527601677, -0.7243444806455347, -1.0745991959640717, -1.1094726681388842, -1.0188083653475315, -0.9981106717584306, -1.033216777698504, -1.0445611928672787, -1.0297913071726954, -1.0195238361856367, -1.0177139344275297]}, "bootstrap1": {"IqrAcrossRuns": [0.04894939922684102, 0.398348336461091, 0.4512183112701469, 0.21421987897760672, 0.02024738215964564, 0.03912907676533957, 0.023411816220057405, 0.10865404537363531, 0.35203398009758374, 0.48531873161809846, 0.4814185939442457, 0.473435049076668, 0.4823593842911374, 0.48428144972675596, 0.35501695050478693, 0.20032596364300723, 0.12888518084156922, 0.116819780772757], "LowerCVaROnAcross": [-1.0609096928304893, -0.8641283019087788, -0.546770541614935, -0.2053544531813072, -0.041679790794305206, -0.0528341125453101, -0.04631950274889687, -0.21858037874684347, -0.7184700272998426, -1.0400266402682574, -1.0345884470992934, -0.9762218628710861, -1.0317705320983845, -0.9993222938449828, -0.729625589969058, -0.4171001989753967, -0.26992274810680916, -0.24522534201301868]}, "bootstrap2": {"IqrAcrossRuns": [0.008458956709093855, 0.25945307155403524, 0.40328201513012646, 0.5211922278865763, 0.3741376029260502, 0.19539581492532748, 0.04584095099112093, 0.028029813145643737, 0.015270730506181667, 0.019853483551356046, 0.008609656732519842, 0.0076447924741545985, 0.003127737692527699, 0.004281690206420827, 0.0077055414791768004, 0.010248718249131055, 0.011473117530791409, 0.01148328542079288], "LowerCVaROnAcross": [-1.0459282750262273, -0.9816185496643354, -1.001240825522771, -0.9377480203785041, -0.6898917984180527, -0.33145413842568533, -0.06932102953327049, -0.22109744527601677, -0.7243444806455347, -1.0745991959640717, -1.1094726681388842, -1.0188083653475315, -0.9981106717584306, -1.033216777698504, -1.0445611928672787, -1.0297913071726954, -1.0195238361856367, -1.0177139344275297]}}