{"permutation0": {"curves1": {"IqrAcrossRuns": [0.04408629731888267, 0.19238661034542376, 0.244687496796934, 0.11970034851573483, 0.05583618601507067, 0.031909099755892976, 0.01759344714864044, 0.024218905195659134, 0.011317690836753845, 0.0107623588165424, 0.006220102344406458, 0.009076152675470902, 0.004759871759793047, 0.004757468153944061, 0.0030633375191259655, 0.003973359158399221, 0.00488868725609362, 0.005056167635729855], "LowerCVaROnAcross": [-1.0653686343757085, -0.8235330249225087, -0.5038006536651677, -0.17873733303571754, -0.041679790794305206, -0.06403489927734748, -0.058202839416065924, -0.21858037874684347, -0.7184700272998426, -1.0400266402682574, -1.0345884470992934, -0.9762218628710861, -1.0317705320983845, -0.9993222938449828, -0.729625589969058, -0.4171001989753967, -0.26992274810680916, -0.24522534201301868]}, "curves2": {"IqrAcrossRuns": [0.011918821010937395, 0.22142768617687272, 0.20236907210890648, 0.17813702523884672, 0.07439388136106166, 0.038903766583963384, 0.022492379382268602, 0.020121907141423846, 0.013797716986440549, 0.01633772567845232, 0.015964563689067127, 0.01519153392042723, 0.014157038455873855, 0.013045902146465015, 0.011473857920749246, 0.011382624470820429, 0.010855881596497535, 0.010627285010478334], "LowerCVaROnAcross": [-1.0379630025865214, -0.9816185496643354, -1.001240825522771, -0.9377480203785041, -0.6898917984180527, -0.33145413842568533, -0.06932102953327049, -0.22109744527601677, -0.7243444806455347, -1.0745991959640717, -1.1094726681388842, -1.0188083653475315, -0.9981106717584306, -1.033216777698504, -1.0445611928672787, -1.0297913071726954, -1.0195238361856367, -1.0177139344275297]}}, "permutation1": {"curves1": {"IqrAcrossRuns": [0.02797189903670433, 0.24598846395474022, 0.2887148356612404, 0.11628504519582938, 0.061017563135229616, 0.030703976572737147, 0.02264764394690123, 0.10209850294952522, 0.344896774092534, 0.48727340186478185, 0.479593583325612, 0.47698113156452204, 0.46609203450932407, 0.4813471349289377, 0.34978221992183983, 0.19348308766766267, 0.1192696674517291, 0.10690059762411806], "LowerCVaROnAcross": [-1.0653686343757085, -0.9038943493626207, -0.546770541614935, -0.2053544531813072, -0.08113208990327635, -0.06403489927734748, -0.06150409573065136, -0.22109744527601677, -0.7243444806455347, -1.0745991959640717, -1.1094726681388842, -1.0188083653475315, -1.0317705320983845, -1.033216777698504, -1.0445611928672787, -1.0297913071726954, -1.0195238361856367, -1.0177139344275297]}, "curves2": {"IqrAcrossRuns": [0.032041982849430134, 0.21204744470237225, 0.2566103186069882, 0.20991869972563487, 0.05171936877081745, 0.045729669895911026, 0.020051695932692914, 0.023276373593338246, 0.010366225750839033, 0.011202516423670312, 0.01276509437908885, 0.011298764713313238, 0.011659083867954367, 0.007678695210312415, 0.01123094702322, 0.011239464359617776, 0.010848103610123913, 0.010757928353757796], "LowerCVaROnAcross": [-1.0459282750262273, -0.9816185496643354, -1.001240825522771, -0.9377480203785041, -0.6898917984180527, -0.33145413842568533, -0.06932102953327049, -0.054641709502844894, -0.03562589613312121, -0.04182437324264546, -0.043667273655289024, -0.04341587311525706, -0.039194766605614176, -0.03949829535794963, -0.04092575973706763, -0.044133917364132955, -0.04509306794562963, -0.04518052470240715]}}, "permutation2": {"curves1": {"IqrAcrossRuns": [0.03638578977971032, 0.22033272742532298, 0.3031656203348943, 0.2559629375970988, 0.048719868487555766, 0.048160836512397005, 0.02436356551127861, 0.021202264880033756, 0.010610131708563258, 0.014401991646150216, 0.008861888948774313, 0.010714505687911132, 0.0063978838851954795, 0.009087759012829, 0.007414472416716568, 0.004422036250955362, 0.003672307005991498, 0.003543859786730142], "LowerCVaROnAcross": [-1.0653686343757085, -0.9812384358751219, -0.7359621872260415, -0.33934427676832507, -0.08311250852460576, -0.06403489927734748, -0.06150409573065136, -0.054641709502844894, -0.04030651974320279, -0.04705065604229337, -0.04572893720657348, -0.04341587311525706, -0.039194766605614176, -0.03949829535794963, -0.04092575973706763, -0.044133917364132955, -0.04509306794562963, -0.04518052470240715]}, "curves2": {"IqrAcrossRuns": [0.036208481550004584, 0.1692115589407535, 0.24932135505645497, 0.14589529600198298, 0.06456778670276712, 0.03589086382708668, 0.014691381817525807, 0.01911838103184819, 0.009172129517245666, 0.006991945335121302, 0.012924595609276323, 0.01291924181640191, 0.008169550473420766, 0.004995403843106451, 0.005975247767434733, 0.011294417604362847, 0.012746745122657662, 0.01294301870819911], "LowerCVaROnAcross": [-1.0609096928304893, -0.9816185496643354, -1.001240825522771, -0.9377480203785041, -0.6898917984180527, -0.33145413842568533, -0.06932102953327049, -0.22109744527601677, -0.7243444806455347, -1.0745991959640717, -1.1094726681388842, -1.0188083653475315, -1.0317705320983845, -1.033216777698504, -1.0445611928672787, -1.0297913071726954, -1.0195238361856367, -1.0177139344275297]}}}