{"IqrWithinRuns": [[0.0, 0.0, 0.0, 0.0, 0.0, 0.0, 0.0, 0.0, 0.0, 0.0, 0.0, 0.0, 0.0, 0.0, 0.0, 0.0, 0.0, 0.0], [0.0, 0.00015, 0.00045, 0.0005, 0.00035000000000000005, 0.0004, 0.0004, 0.0003, 0.0002, 0.0002, 0.0002, 0.0002, 0.0002, 0.0002, 0.0002, 0.0002, 0.0002, 0.0004], [0.0, 0.0, 0.0006060606060606061, 0.00040404040404040404, 0.00020202020202020202, 0.00040404040404040404, 0.00040404040404040404, 0.00040404040404040404, 0.00030303030303030303, 0.00030303030303030303, 0.00020202020202020202, 0.00020202020202020202, 0.00020202020202020202, 0.00020202020202020202, 0.00020202020202020202, 0.00020202020202020202, 0.00020202020202020202, 0.00020202020202020202], [0.0, 0.0, 0.0010500000000000002, 0.0004, 0.0002, 0.0004, 0.0004, 0.0002, 0.0002, 0.0002, 0.0002, 0.0002, 0.0002, 0.0002, 0.0002, 0.0002, 0.0002, 0.0002], [0.0, 0.0003571428571428572, 0.002142857142857143, 0.0007142857142857144, 0.00040816326530612246, 0.0005102040816326531, 0.00045918367346938773, 0.00040816326530612246, 0.00040816326530612246, 0.00020408163265306123, 0.00020408163265306123, 0.00020408163265306123, 0.0003571428571428572, 0.00040816326530612246, 0.00025510204081632655, 0.00020408163265306123, 0.0003061224489795918, 0.00040816326530612246], [0.0, 0.00055, 0.0005, 0.00035000000000000005, 0.0003, 0.0002, 0.0002, 0.0002, 0.0002, 0.0003, 0.0002, 0.0002, 0.00025, 0.0004, 0.0004, 0.0004, 0.0004, 0.0003]], "LowerCVaROnDiffs": [-0.01600000000001455, -0.0009823529411764707, -0.0012767676767676769, -0.0016237288135593218, -0.002292139077853363, -0.0012793650793650794], "LowerCVaROnDrawdown": [11.08108108109116, 0.0, 0.0, 0.0, 0.0, 0.0], "IqrAcrossRuns": [0.02269741551402746, 0.004658759693957433, 0.002098933312282729, 0.0009508583311011677, 0.00043823953391288595, 0.00020718218050382552, 0.00010017241003638945, 4.8683552672035904e-05, 2.3136260363249227e-05, 1.0417573795328694e-05, 4.308618018412525e-06, 1.5938197549801568e-06, 5.252829777692583e-07, 1.7235098990492018e-07, 8.240542999999803e-08, 6.745995339226179e-08, 6.655916584122676e-08, 6.666424315567682e-08], "LowerCVaROnAcross": [0.15275540110480668, 0.03115626960278506, 0.013907794631779422, 0.006251388132161126, 0.002870519699958673, 0.0013569760660647762, 0.0006568257422808763, 0.0003196504300326951, 0.00015230805279242156, 6.89360982269934e-05, 2.8745015474612745e-05, 1.0743654707224688e-05, 3.571449603450292e-06, 1.1611680555311776e-06, 5.299450208708414e-07, 4.184093190783206e-07, 4.0910735126810807e-07, 4.092322864941411e-07], "MedianPerfDuringTraining": [[-100.0, -100.0, -100.0, -100.0, -100.0, -100.0, -100.0, -100.0, -100.0, -100.0, -100.0, -100.0, -100.0, -100.0, -100.0, -100.0, -100.0, -100.0], [-100.0, -100.0, -91.0, -3.0, -3.0, -3.0, -3.0, -2.5, -2.0, -2.0, -2.0, -2.0, -2.0, -2.0, -2.0, -2.0, -2.0, -2.0], [-100.0, -100.0, -12.5, -3.0, -2.0, -2.0, -3.0, -3.0, -3.0, -2.5, -2.0, -2.0, -2.0, -2.0, -2.0, -2.0, -2.0, -2.0], [-100.0, -100.0, -51.5, -3.0, -2.0, -3.0, -3.0, -2.0, -2.0, -2.0, -2.0, -3.0, -3.0, -2.0, -2.0, -3.0, -2.0, -2.0], [-100.0, -100.0, -39.5, -4.0, -3.0, -3.0, -3.0, -3.0, -3.0, -3.0, -2.5, -2.0, -2.5, -3.0, -3.0, -3.0, -3.0, -3.0], [-100.0, -96.5, -3.5, -2.0, -2.0, -2.0, -2.0, -2.0, -3.0, -2.0, -3.0, -3.0, -2.0, -3.0, -3.0, -3.0, -3.0, -3.0]]}