{"IqrWithinRuns": [[0.00045918367346938773, 0.0006122448979591836, 0.00040816326530612246, 0.00040816326530612246, 0.00040816326530612246, 0.00040816326530612246, 0.0003061224489795918, 0.00040816326530612246, 0.00040816326530612246, 0.00040816326530612246], [0.0008673469387755101, 0.0003061224489795918, 0.00040816326530612246, 0.00040816326530612246, 0.00040816326530612246, 0.00040816326530612246, 0.00040816326530612246, 0.00040816326530612246, 0.0003571428571428572, 0.00020408163265306123], [0.0004591836734693878, 0.0005102040816326531, 0.00040816326530612246, 0.00040816326530612246, 0.00040816326530612246, 0.00040816326530612246, 0.00040816326530612246, 0.0003061224489795918, 0.00040816326530612246, 0.00040816326530612246], [0.0006060606060606061, 0.0005555555555555556, 0.00040404040404040404, 0.00040404040404040404, 0.000505050505050505, 0.00040404040404040404, 0.00040404040404040404, 0.00040404040404040404, 0.00030303030303030303, 0.00040404040404040404], [0.0006565656565656566, 0.00045454545454545455, 0.0003535353535353536, 0.00040404040404040404, 0.00040404040404040404, 0.00040404040404040404, 0.000505050505050505, 0.000505050505050505, 0.00040404040404040404, 0.00040404040404040404], [0.0005263157894736842, 0.0005263157894736842, 0.0004210526315789474, 0.0004210526315789474, 0.00036842105263157896, 0.0004210526315789474, 0.0004210526315789474, 0.00036842105263157896, 0.0004210526315789474, 0.00036842105263157896]], "LowerCVaROnDiffs": [-0.0015427962229667986, -0.0011104441776710685, -0.0013165266106442575, -0.001723232323232323, -0.0010101010101010099, -0.0010846102598267822], "LowerCVaROnDrawdown": [0.0, 0.003767660910518051, 0.00585480093676815, 0.00546000546000546, 0.005165289256198347, 0.004887218045112782], "IqrAcrossRuns": [0.1969766561411205, 0.032341932973401905, 0.011162397615575276, 0.009038278173889113, 0.002741649889956716, 0.005032417583198575, 0.0020452921807235496, 0.0015132398156162974, 0.005429069873457466, 0.005617743700040128], "LowerCVaROnAcross": [-0.44224919877994906, -0.013389059133684907, -0.07756097820288398, -0.04106042078433469, -0.05954494099530235, -0.04955183544701563, -0.05374331090204315, -0.0490774317576126, -0.0517196162703203, -0.05182964644089572], "MedianPerfDuringTraining": [[-100.0, -5.0, -4.0, -4.0, -4.0, -5.0, -5.0, -4.0, -5.0, -5.0], [-84.0, -5.0, -5.0, -5.0, -4.0, -5.0, -5.0, -5.0, -4.0, -5.0], [-98.0, -5.0, -4.0, -5.0, -5.0, -5.0, -4.0, -5.0, -5.0, -4.0], [-93.0, -5.0, -4.0, -4.0, -4.0, -4.0, -4.0, -5.0, -4.0, -4.0], [-92.0, -4.0, -4.0, -4.0, -5.0, -5.0, -5.0, -5.0, -5.0, -5.0], [-100.0, -5.0, -4.0, -4.0, -4.0, -5.0, -5.0, -4.5, -4.0, -4.0]]}