{"permutation0": {"curves1": {"IqrAcrossRuns": [0.05429169432241766, 0.47300483513450975, 0.47546442118056464, 0.169579755333869, 0.0499801227107715, 0.04096298761728649, 0.02792291718965596, 0.031544660532784624, 0.015366887588917091, 0.010323353967214661, 0.010694698926685935, 0.01890961074549986, 0.0118814135266037, 0.010994389818278622, 0.010863670324550753, 0.01351820920226628, 0.0137866883645144, 0.013692458034803163], "LowerCVaROnAcross": [-1958.8092874331337, -1957.2522552356872, -1958.0843259601547, -1957.7453618695995, -1956.7150916943024, -1957.0917160340591, -1959.1570886729473, -1959.8740751352793, -1957.9998400220443, -1956.4021042316267, -1956.7324384975832, -1957.1879726110888, -1956.8393942484922, -1957.4045785354115, -1959.3319337152402, -1960.8868511075011, -1961.4531166051652, -1961.5919648740578]}, "curves2": {"IqrAcrossRuns": [0.032585726321364555, 0.22304156799486574, 0.29585812387718735, 0.13078088209680075, 0.024716695917136166, 0.03991584141501691, 0.005071131096353574, 0.024215981846666686, 0.004329408015663777, 0.00354276443962908, 0.005843163413145294, 0.00630438466628674, 0.005249890770969898, 0.004701964491461351, 0.0037357911119349435, 0.0077045775080985465, 0.009339133325826803, 0.0096159382842826], "LowerCVaROnAcross": [-1.0653686343757085, -0.8459770026885697, -0.5038006536651677, -0.17873733303571754, -0.03244635901432278, -0.06804687950640143, -0.058202839416065924, -0.0510217471252896, -0.030394512273367962, -0.04182437324264546, -0.04572893720657348, -0.04314065082567067, -0.047943849029910474, -0.046244127890026764, -0.04037134846344475, -0.04000049909154865, -0.041159080246325024, -0.041291803995606564]}}, "permutation1": {"curves1": {"IqrAcrossRuns": [0.05290757931717074, 0.34115069502731576, 0.3750712609433038, 0.16243961445771726, 0.0367887762395294, 0.04892414481938519, 0.015618086261525312, 0.03328394120473301, 0.014066184187037931, 0.00797082463453217, 0.006533390453013326, 0.014682909405212125, 0.011693872618897249, 0.00932894830055029, 0.010737310374822282, 0.012108561768598636, 0.012457319205846706, 0.012419153967276466], "LowerCVaROnAcross": [-1958.8092874331337, -1957.2522552356872, -1958.0843259601547, -1957.7453618695995, -1956.7150916943024, -1957.0917160340591, -1959.1570886729473, -1959.8740751352793, -1957.9998400220443, -1956.4021042316267, -1956.7324384975832, -1957.1879726110888, -1956.8393942484922, -1957.4045785354115, -1959.3319337152402, -1960.8868511075011, -1961.4531166051652, -1961.5919648740578]}, "curves2": {"IqrAcrossRuns": [0.03678312075109401, 0.41252422399035876, 0.3747042066958561, 0.10365783894937802, 0.04779516536510301, 0.041615148170983954, 0.0208053007788531, 0.018451825360159428, 0.005054696491953848, 0.004804367220834077, 0.01033932145873572, 0.012357800885736969, 0.00450496530252038, 0.005233937301015768, 0.0026030208673179997, 0.006578646617444313, 0.008693745436180742, 0.008970095181680779], "LowerCVaROnAcross": [-1.0653686343757085, -0.8235330249225087, -0.5038006536651677, -0.17873733303571754, -0.04683973514400793, -0.08600582753612604, -0.0813206886940734, -0.0510217471252896, -0.04030651974320279, -0.04705065604229337, -0.04572893720657348, -0.04314065082567067, -0.047943849029910474, -0.046244127890026764, -0.04037134846344475, -0.04000049909154865, -0.041159080246325024, -0.041291803995606564]}}, "permutation2": {"curves1": {"IqrAcrossRuns": [0.049346456032845605, 0.3277020191119013, 0.38689701868982584, 0.17032577690380526, 0.030821622679054545, 0.052496475265372, 0.01946965195210656, 0.03120064814201697, 0.012679401837298838, 0.0038056292273807384, 0.005872486722332997, 0.0165123636245522, 0.009351092119604346, 0.008548017655484502, 0.00853096735582119, 0.00945009663690864, 0.010512827853566631, 0.010653033642246762], "LowerCVaROnAcross": [-1.0614890501318255, -0.9400041176437391, -0.5649798151452708, -0.17873733303571754, -0.033527633871315986, -0.08600582753612604, -0.0813206886940734, -0.051503672702273746, -0.04030651974320279, -0.04705065604229337, -0.0538904876884925, -0.04173080817522475, -0.047943849029910474, -0.046244127890026764, -0.03851657314513484, -0.03931533584054682, -0.03908106671551048, -0.038978647121744224]}, "curves2": {"IqrAcrossRuns": [0.03780841657125064, 0.23503819153936698, 0.291399019418258, 0.13878541013154594, 0.061113356426523685, 0.03562614364762311, 0.0219950283183978, 0.021202794306586236, 0.008060209372211071, 0.006311754052090656, 0.00942865265220606, 0.011291084944174117, 0.006141253531643986, 0.006210679423644696, 0.003281417544887996, 0.005903969567967771, 0.007786088097945205, 0.008062165243578312], "LowerCVaROnAcross": [-1958.8092874331337, -1957.2522552356872, -1958.0843259601547, -1957.7453618695995, -1956.7150916943024, -1957.0917160340591, -1959.1570886729473, -1959.8740751352793, -1957.9998400220443, -1956.4021042316267, -1956.7324384975832, -1957.1879726110888, -1956.8393942484922, -1957.4045785354115, -1959.3319337152402, -1960.8868511075011, -1961.4531166051652, -1961.5919648740578]}}}