{"permutation0": {"curves1": {"IqrAcrossRuns": [0.056921089172341226, 0.3821540180652738, 0.42647226609689864, 0.23132112101126073, 0.049685414677972835, 0.057700598186073246, 0.03420097117201011, 0.115449109215104, 0.3509087825208263, 0.4857370543066751, 0.48360132796988126, 0.4739628893490848, 0.4827596555328686, 0.483138832118255, 0.3555211098608876, 0.20103042011980599, 0.12840647790324897, 0.11624801148901691], "LowerCVaROnAcross": [-1.0609096928304893, -0.9816185496643354, -1.001240825522771, -0.9377480203785041, -0.6898917984180527, -0.33145413842568533, -0.06932102953327049, -0.21858037874684347, -0.7184700272998426, -1.0400266402682574, -1.0345884470992934, -0.9762218628710861, -1.0317705320983845, -0.9993222938449828, -0.729625589969058, -0.4171001989753967, -0.26992274810680916, -0.24522534201301868]}, "curves2": {"IqrAcrossRuns": [0.013956050412089667, 0.20325243830700146, 0.24193198202790525, 0.19357118852777305, 0.0725961327360452, 0.038514728918123756, 0.028475886538246908, 0.09717488120985053, 0.34503137434267134, 0.4935972676264131, 0.4871481948152645, 0.4753760340675913, 0.46912724080712537, 0.485424067335257, 0.47963088543423665, 0.48014889676734795, 0.4777241406374386, 0.4768148304770151], "LowerCVaROnAcross": [-1.0299417119710386, -0.9816185496643354, -1.001240825522771, -0.9377480203785041, -0.6898917984180527, -0.33145413842568533, -0.06932102953327049, -0.22109744527601677, -0.7243444806455347, -1.0745991959640717, -1.1094726681388842, -1.0188083653475315, -0.9981106717584306, -1.033216777698504, -1.0445611928672787, -1.0297913071726954, -1.0195238361856367, -1.0177139344275297]}}, "permutation1": {"curves1": {"IqrAcrossRuns": [0.05087168810814546, 0.4441277127083448, 0.6548315033486743, 0.5621894973596605, 0.3631462133753775, 0.20061280510821186, 0.07171561457748268, 0.19397623179573578, 0.702002484469207, 0.9870651863409804, 0.9883529355043433, 0.9538928279928379, 0.9696736700617129, 0.9691922427552683, 0.8331715473061695, 0.6734022568299239, 0.5963611226084587, 0.5831878364573717], "LowerCVaROnAcross": [-1.0609096928304893, -0.9816185496643354, -1.001240825522771, -0.9377480203785041, -0.6898917984180527, -0.33145413842568533, -0.06932102953327049, -0.22109744527601677, -0.7243444806455347, -1.0745991959640717, -1.1094726681388842, -1.0188083653475315, -1.0317705320983845, -1.033216777698504, -1.0445611928672787, -1.0297913071726954, -1.0195238361856367, -1.0177139344275297]}, "curves2": {"IqrAcrossRuns": [0.03777487316941688, 0.23477093670729288, 0.3039395403831426, 0.22814976414386962, 0.08986306471024491, 0.03959221398338069, 0.03420097117201011, 0.011701025006038656, 0.01287325616163483, 0.016920365266646305, 0.007987716238964144, 0.003059652159487536, 0.007229818000720582, 0.010335147149536365, 0.0077055414791768004, 0.002082384864551705, 0.0024697511776628467, 0.0027540904754323], "LowerCVaROnAcross": [-1.0459282750262273, -0.9816185496643354, -1.001240825522771, -0.9377480203785041, -0.6898917984180527, -0.33145413842568533, -0.06932102953327049, -0.22109744527601677, -0.7243444806455347, -1.0745991959640717, -1.1094726681388842, -1.0188083653475315, -0.9981106717584306, -1.033216777698504, -1.0445611928672787, -1.0297913071726954, -1.0195238361856367, -1.0177139344275297]}}, "permutation2": {"curves1": {"IqrAcrossRuns": [0.025888271613643498, 0.3292880839618519, 0.5336583268276778, 0.5572992205667973, 0.35687067095185043, 0.18972210132911094, 0.04149259093042435, 0.1046729223056532, 0.33866649685488925, 0.4916473984560815, 0.48839560876108146, 0.4750405321409987, 0.46692320557761974, 0.485424067335257, 0.4851368249594488, 0.48430275376497206, 0.48178711155110254, 0.481110337741845], "LowerCVaROnAcross": [-1.0459282750262273, -0.9816185496643354, -1.001240825522771, -0.9377480203785041, -0.6898917984180527, -0.33145413842568533, -0.06932102953327049, -0.22109744527601677, -0.7243444806455347, -1.0745991959640717, -1.1094726681388842, -1.0188083653475315, -0.9981106717584306, -1.033216777698504, -1.0445611928672787, -1.0297913071726954, -1.0195238361856367, -1.0177139344275297]}, "curves2": {"IqrAcrossRuns": [0.042487661056245546, 0.3271815397843207, 0.36790097157659574, 0.16758912917149005, 0.05516611512856715, 0.04172559104992601, 0.05272303301381451, 0.10129129384572569, 0.34986175769796524, 0.5114242037603403, 0.5044517518359034, 0.473776567652961, 0.4682192072698341, 0.484272045103467, 0.35064167194745716, 0.19682453568618594, 0.1252151778626911, 0.11310839427632985], "LowerCVaROnAcross": [-1.0609096928304893, -0.9816185496643354, -1.001240825522771, -0.9377480203785041, -0.6898917984180527, -0.33145413842568533, -0.06932102953327049, -0.22109744527601677, -0.7243444806455347, -1.0745991959640717, -1.1094726681388842, -1.0188083653475315, -1.0317705320983845, -1.033216777698504, -1.0445611928672787, -1.0297913071726954, -1.0195238361856367, -1.0177139344275297]}}}