{"bootstrap0": {"IqrAcrossRuns": [0.01343783558054079, 0.055515742689698645, 0.1727295294656565, 0.1260654717712679, 0.020805220983954972, 0.027446422683490318, 0.003654383119252831, 0.01746537805869153, 0.0040750758696368305, 0.008897689814727026, 0.003641966755581345, 0.0029287209133158037, 0.002439939680971586, 0.004873253237431262, 0.0028000322117968986, 0.0015963783240640992, 0.001386401092371412, 0.0014636213497216486], "LowerCVaROnAcross": [-1.0653686343757085, -0.8459770026885697, -0.5038006536651677, -0.17873733303571754, -0.007840249093409055, -0.055496811370002376, -0.05820283941606593, -0.0510217471252896, -0.030394512273367962, -0.04182437324264546, -0.04572893720657348, -0.04314065082567067, -0.0365184511811857, -0.03949829535794963, -0.04037134846344475, -0.04000049909154865, -0.041159080246325024, -0.041291803995606564]}, "bootstrap1": {"IqrAcrossRuns": [0.04190624414975572, 0.36158854002925334, 0.3554500752739597, 0.14457981923417335, 0.05941868831672023, 0.04078174336843904, 0.020658167116512954, 0.02104573459817793, 0.014400291762374479, 0.011857456360355132, 0.002746468384049268, 0.008592131950654553, 0.0027875333835180407, 0.0036643292436697996, 0.002482059053988892, 0.0042907779844159255, 0.004864671631716884, 0.004889731181535742], "LowerCVaROnAcross": [-1.0532010130043605, -0.9812384358751219, -0.7359621872260415, -0.33934427676832507, -0.041056983210360554, -0.06403489927734748, -0.06150409573065136, -0.054641709502844894, -0.04030651974320279, -0.04705065604229338, -0.042750588692777265, -0.04341587311525706, -0.039194766605614176, -0.03744664424544195, -0.04092575973706763, -0.044133917364132955, -0.04509306794562963, -0.04518052470240715]}, "bootstrap2": {"IqrAcrossRuns": [0.021791867088832892, 0.05435775306568729, 0.14461694516566614, 0.11680877214897456, 0.03429238318986651, 0.024519331541719848, 0.00484313338810192, 0.014469639718106678, 0.005387016331254133, 0.007301103763113928, 0.005201029914351627, 0.001402670726171851, 0.0011216441750496024, 0.004873253237431262, 0.003017149344076437, 0.0018099478543986789, 0.0013190508312446799, 0.001313781673199944], "LowerCVaROnAcross": [-1.0653686343757085, -0.8235330249225087, -0.5038006536651677, -0.17873733303571754, -0.033527633871315986, -0.06403489927734748, -0.05820283941606593, -0.0510217471252896, -0.04030651974320279, -0.04705065604229337, -0.04572893720657348, -0.04314065082567067, -0.0365184511811857, -0.03949829535794963, -0.04037134846344475, -0.04000049909154865, -0.041159080246325024, -0.041291803995606564]}}