{"IqrWithinRuns": [[0.0, 0.0, 0.0, 0.0, 0.0], [0.00045, 0.0004, 0.0002, 0.0002, 0.0003], [0.0006060606060606061, 0.00040404040404040404, 0.00020202020202020202, 0.00020202020202020202, 0.00020202020202020202], [0.0010500000000000002, 0.0004, 0.0002, 0.0002, 0.00035000000000000005], [0.002142857142857143, 0.00045918367346938773, 0.00020408163265306123, 0.00025510204081632655, 0.00040816326530612246], [0.0005, 0.0002, 0.0002, 0.0004, 0.0003]], "LowerCVaROnDiffs": [-0.01600000000001455, -0.0009823529411764707, -0.0012767676767676769, -0.0016237288135593218, -0.002292139077853363, -0.0012793650793650794], "LowerCVaROnDrawdown": [11.08108108109116, 0.0, 0.0, 0.0, 0.0, 0.0], "IqrAcrossRuns": [0.09663462212012959, 0.01404368650740596, 0.005345109826656704, 0.00913808226310813, 0.0051851115729227865], "LowerCVaROnAcross": [-1958.0843259601547, -1959.1570886729473, -1956.7324384975832, -1959.3319337152402, -1961.6017434580222], "MedianPerfDuringTraining": [[-100.0, -100.0, -100.0, -100.0, -100.0], [-91.0, -3.0, -2.0, -2.0, -2.0], [-12.5, -3.0, -2.0, -2.0, -2.0], [-51.5, -3.0, -2.0, -2.0, -3.0], [-39.5, -3.0, -2.5, -3.0, -2.0], [-3.5, -2.0, -3.0, -3.0, -3.0]]}