{"IqrWithinRuns": [[0.0, 0.0, 0.0, 0.0, 0.0, 0.0, 0.0, 0.0, 0.0, 0.0, 0.0, 0.0, 0.0, 0.0, 0.0, 0.0, 0.0, 0.0], [0.0, 0.00015, 0.00045, 0.0005, 0.00035000000000000005, 0.0004, 0.0004, 0.0003, 0.0002, 0.0002, 0.0002, 0.0002, 0.0002, 0.0002, 0.0002, 0.0002, 0.0002, 0.0004], [0.0, 0.0, 0.0006060606060606061, 0.00040404040404040404, 0.00020202020202020202, 0.00040404040404040404, 0.00040404040404040404, 0.00040404040404040404, 0.00030303030303030303, 0.00030303030303030303, 0.00020202020202020202, 0.00020202020202020202, 0.00020202020202020202, 0.00020202020202020202, 0.00020202020202020202, 0.00020202020202020202, 0.00020202020202020202, 0.00020202020202020202], [0.0, 0.0, 0.0010500000000000002, 0.0004, 0.0002, 0.0004, 0.0004, 0.0002, 0.0002, 0.0002, 0.0002, 0.0002, 0.0002, 0.0002, 0.0002, 0.0002, 0.0002, 0.0002], [0.0, 0.0003571428571428572, 0.002142857142857143, 0.0007142857142857144, 0.00040816326530612246, 0.0005102040816326531, 0.00045918367346938773, 0.00040816326530612246, 0.00040816326530612246, 0.00020408163265306123, 0.00020408163265306123, 0.00020408163265306123, 0.0003571428571428572, 0.00040816326530612246, 0.00025510204081632655, 0.00020408163265306123, 0.0003061224489795918, 0.00040816326530612246], [0.0, 0.00055, 0.0005, 0.00035000000000000005, 0.0003, 0.0002, 0.0002, 0.0002, 0.0002, 0.0003, 0.0002, 0.0002, 0.00025, 0.0004, 0.0004, 0.0004, 0.0004, 0.0003]], "LowerCVaROnDiffs": [-0.01600000000001455, -0.0009823529411764707, -0.0012767676767676769, -0.0016237288135593218, -0.002292139077853363, -0.0012793650793650794], "LowerCVaROnDrawdown": [11.08108108109116, 0.0, 0.0, 0.0, 0.0, 0.0], "IqrAcrossRuns": [0.0007852437092323392, 0.6142099441020171, 0.01184838467595629, 0.010389083606749106, 0.007878212875836475, 0.015673285041501665, 0.012388896263959023, 0.011122308143272492, 0.0062428844767532556, 0.006896754611227958, 0.008431961741325227, 0.006117429533466653, 0.018895153374852366, 0.018521105418824634, 0.015835275195725293, 0.01551627809314606, 0.00424081352563118, 0.0057798989762677284], "LowerCVaROnAcross": [-1995.6101171035077, -1995.3432649770969, -2000.22353501545, -1992.4182828087123, -1999.251647405934, -1998.3263470603206, -1999.8189896632175, -1997.8695678265792, -2000.6334981513046, -2000.7657076307214, -2001.585896400927, -2001.0374544693882, -2000.0066931041115, -1997.0864312709061, -1995.0606207022038, -2001.1467884885728, -1998.800148154625, -1999.0407773388486], "MedianPerfDuringTraining": [[-100.0, -100.0, -100.0, -100.0, -100.0, -100.0, -100.0, -100.0, -100.0, -100.0, -100.0, -100.0, -100.0, -100.0, -100.0, -100.0, -100.0, -100.0], [-100.0, -100.0, -91.0, -3.0, -3.0, -3.0, -3.0, -2.5, -2.0, -2.0, -2.0, -2.0, -2.0, -2.0, -2.0, -2.0, -2.0, -2.0], [-100.0, -100.0, -12.5, -3.0, -2.0, -2.0, -3.0, -3.0, -3.0, -2.5, -2.0, -2.0, -2.0, -2.0, -2.0, -2.0, -2.0, -2.0], [-100.0, -100.0, -51.5, -3.0, -2.0, -3.0, -3.0, -2.0, -2.0, -2.0, -2.0, -3.0, -3.0, -2.0, -2.0, -3.0, -2.0, -2.0], [-100.0, -100.0, -39.5, -4.0, -3.0, -3.0, -3.0, -3.0, -3.0, -3.0, -2.5, -2.0, -2.5, -3.0, -3.0, -3.0, -3.0, -3.0], [-100.0, -96.5, -3.5, -2.0, -2.0, -2.0, -2.0, -2.0, -3.0, -2.0, -3.0, -3.0, -2.0, -3.0, -3.0, -3.0, -3.0, -3.0]]}