{"IqrWithinRuns": [[0.0, 0.0, 0.00095, 0.00385, 0.00185, 0.0008, 0.00055, 0.0003, 0.0002, 0.0002, 0.0002, 0.0002, 0.0002, 0.0002, 0.0002, 0.0002, 0.0002, 0.0002], [0.0, 0.0, 0.00030303030303030303, 0.0019191919191919192, 0.0006565656565656566, 0.00020202020202020202, 0.00020202020202020202, 0.00020202020202020202, 0.00020202020202020202, 0.00040404040404040404, 0.00040404040404040404, 0.00020202020202020202, 0.00020202020202020202, 0.00040404040404040404, 0.0003535353535353536, 0.00030303030303030303, 0.00020202020202020202, 0.00020202020202020202], [0.0, 0.0, 0.00015, 0.0048000000000000004, 0.00185, 0.0004, 0.0002, 0.0002, 0.0002, 0.0002, 0.0002, 0.0002, 0.0002, 0.0002, 0.0002, 0.00035000000000000005, 0.00035000000000000005, 0.00025], [0.0, 0.0001, 0.0013, 0.0007000000000000001, 0.0004, 0.00025, 0.0002, 0.0002, 0.0002, 0.0002, 0.0002, 0.0002, 0.0002, 0.0002, 0.0002, 0.0002, 0.0002, 0.0002], [0.0, 0.0, 0.0038, 0.007649999999999999, 0.0044, 0.0004, 0.0002, 0.0002, 0.0002, 0.0002, 0.0002, 0.0002, 0.0002, 0.0002, 0.0002, 0.0002, 0.0002, 0.0002], [0.0, 0.0, 0.0014141414141414144, 0.0009090909090909091, 0.00030303030303030303, 0.00020202020202020202, 0.00020202020202020202, 0.00020202020202020202, 0.00020202020202020202, 0.0, 0.0, 0.0, 0.0, 0.0, 0.0, 0.00010101010101010101, 0.00030303030303030303, 0.00020202020202020202]], "LowerCVaROnDiffs": [-0.003592156862745098, -0.002130924630924631, -0.0039239999999999995, -0.0020686274509803923, -0.005486000000000001, -0.002743434343434344], "LowerCVaROnDrawdown": [0.0, 0.0, 0.0, 0.0, 0.0, 0.0], "IqrAcrossRuns": [0.0022685740774608123, 0.30519961819764035, 0.4011185482488376, 0.11636777460702512, 0.0923056265991001, 0.02725959909493002, 0.004672966503868463, 0.011859182505100796, 0.01323033205688458, 0.03053141678186024, 0.009064354537656914, 0.003320428362450234, 0.010647486460059322, 0.011157860026107844, 0.009572441773646119, 0.009618186348713333, 0.012688734489445838, 0.004063577599988797], "LowerCVaROnAcross": [-1.0100288067909204, -0.9530030950900277, -0.6000541317214995, -0.36275937783870493, -0.16836462676221894, -0.06374393415556598, -0.024539559991594104, -0.028595718883351263, -0.9721309620172361, -1.0126173165166032, -1.0071993583402616, -1.0074731272555106, -1.0098473004823783, -1.0061210274133774, -1.0126265157449499, -0.041054861779922354, -0.04194445111130076, -0.040649252300104737], "MedianPerfDuringTraining": [[-100.0, -100.0, -100.0, -44.0, -9.0, -3.5, -3.0, -2.0, -2.0, -2.0, -2.0, -2.0, -2.0, -2.0, -2.0, -2.0, -3.0, -2.0], [-100.0, -100.0, -99.5, -25.5, -5.0, -3.0, -2.0, -2.0, -2.0, -3.0, -3.0, -3.0, -3.0, -3.0, -3.0, -2.0, -2.0, -2.0], [-100.0, -100.0, -100.0, -54.5, -7.5, -3.0, -2.0, -2.0, -2.0, -2.0, -2.0, -2.0, -2.0, -2.0, -2.0, -3.0, -3.0, -2.5], [-100.0, -100.0, -17.0, -3.0, -3.0, -3.0, -2.0, -2.0, -2.0, -2.0, -2.0, -2.0, -2.0, -2.0, -2.0, -2.0, -2.0, -2.0], [-100.0, -100.0, -96.5, -57.5, -15.5, -3.0, -2.0, -2.0, -2.0, -2.0, -2.0, -2.0, -2.0, -2.0, -2.0, -2.0, -2.0, -2.0], [-100.0, -100.0, -52.5, -5.0, -3.0, -2.0, -2.0, -2.0, -2.0, -100.0, -100.0, -100.0, -100.0, -100.0, -100.0, -100.0, -3.0, -2.0]]}