{"IqrWithinRuns": [[0.0, 0.0, 0.0, 0.0, 0.0, 0.0, 0.0, 0.0, 0.0, 0.0, 0.0, 0.0, 0.0, 0.0, 0.0, 0.0, 0.0, 0.0], [0.0, 0.00015, 0.00045, 0.0005, 0.00035000000000000005, 0.0004, 0.0004, 0.0003, 0.0002, 0.0002, 0.0002, 0.0002, 0.0002, 0.0002, 0.0002, 0.0002, 0.0002, 0.0004], [0.0, 0.0, 0.0006060606060606061, 0.00040404040404040404, 0.00020202020202020202, 0.00040404040404040404, 0.00040404040404040404, 0.00040404040404040404, 0.00030303030303030303, 0.00030303030303030303, 0.00020202020202020202, 0.00020202020202020202, 0.00020202020202020202, 0.00020202020202020202, 0.00020202020202020202, 0.00020202020202020202, 0.00020202020202020202, 0.00020202020202020202], [0.0, 0.0, 0.0010500000000000002, 0.0004, 0.0002, 0.0004, 0.0004, 0.0002, 0.0002, 0.0002, 0.0002, 0.0002, 0.0002, 0.0002, 0.0002, 0.0002, 0.0002, 0.0002], [0.0, 0.0003571428571428572, 0.002142857142857143, 0.0007142857142857144, 0.00040816326530612246, 0.0005102040816326531, 0.00045918367346938773, 0.00040816326530612246, 0.00040816326530612246, 0.00020408163265306123, 0.00020408163265306123, 0.00020408163265306123, 0.0003571428571428572, 0.00040816326530612246, 0.00025510204081632655, 0.00020408163265306123, 0.0003061224489795918, 0.00040816326530612246], [0.0, 0.00055, 0.0005, 0.00035000000000000005, 0.0003, 0.0002, 0.0002, 0.0002, 0.0002, 0.0003, 0.0002, 0.0002, 0.00025, 0.0004, 0.0004, 0.0004, 0.0004, 0.0003]], "LowerCVaROnDiffs": [-0.01600000000001455, -0.0009823529411764707, -0.0012767676767676769, -0.0016237288135593218, -0.002292139077853363, -0.0012793650793650794], "LowerCVaROnDrawdown": [11.08108108109116, 0.0, 0.0, 0.0, 0.0, 0.0], "IqrAcrossRuns": [0.04082840251638131, 0.1771451194021371, 0.09663462212012959, 0.02878931491777209, 0.029842753582249363, 0.00612340059627841, 0.01404368650740596, 0.005947286250101939, 0.017655205488823815, 0.006582895901314283, 0.005345109826656704, 0.0036521046607216868, 0.01142207376062163, 0.012505454272501283, 0.00913808226310813, 0.006150739031496397, 0.005297917431728074, 0.005188258359098872], "LowerCVaROnAcross": [-1958.8092874331337, -1957.2522552356872, -1958.0843259601547, -1957.7453618695995, -1956.7150916943024, -1957.0917160340591, -1959.1570886729473, -1959.8740751352793, -1957.9998400220443, -1956.4021042316267, -1956.7324384975832, -1957.1879726110888, -1956.8393942484922, -1957.4045785354115, -1959.3319337152402, -1960.8868511075011, -1961.4531166051652, -1961.5919648740578], "MedianPerfDuringTraining": [[-100.0, -100.0, -100.0, -100.0, -100.0, -100.0, -100.0, -100.0, -100.0, -100.0, -100.0, -100.0, -100.0, -100.0, -100.0, -100.0, -100.0, -100.0], [-100.0, -100.0, -91.0, -3.0, -3.0, -3.0, -3.0, -2.5, -2.0, -2.0, -2.0, -2.0, -2.0, -2.0, -2.0, -2.0, -2.0, -2.0], [-100.0, -100.0, -12.5, -3.0, -2.0, -2.0, -3.0, -3.0, -3.0, -2.5, -2.0, -2.0, -2.0, -2.0, -2.0, -2.0, -2.0, -2.0], [-100.0, -100.0, -51.5, -3.0, -2.0, -3.0, -3.0, -2.0, -2.0, -2.0, -2.0, -3.0, -3.0, -2.0, -2.0, -3.0, -2.0, -2.0], [-100.0, -100.0, -39.5, -4.0, -3.0, -3.0, -3.0, -3.0, -3.0, -3.0, -2.5, -2.0, -2.5, -3.0, -3.0, -3.0, -3.0, -3.0], [-100.0, -96.5, -3.5, -2.0, -2.0, -2.0, -2.0, -2.0, -3.0, -2.0, -3.0, -3.0, -2.0, -3.0, -3.0, -3.0, -3.0, -3.0]]}