{"IqrWithinRuns": [[0.0, 0.0, 0.00095, 0.00385, 0.00185, 0.0008, 0.00055, 0.0003, 0.0002, 0.0002, 0.0002, 0.0002, 0.0002, 0.0002, 0.0002, 0.0002, 0.0002, 0.0002], [0.0, 0.0, 0.00030303030303030303, 0.0019191919191919192, 0.0006565656565656566, 0.00020202020202020202, 0.00020202020202020202, 0.00020202020202020202, 0.00020202020202020202, 0.00040404040404040404, 0.00040404040404040404, 0.00020202020202020202, 0.00020202020202020202, 0.00040404040404040404, 0.0003535353535353536, 0.00030303030303030303, 0.00020202020202020202, 0.00020202020202020202], [0.0, 0.0, 0.00015, 0.0048000000000000004, 0.00185, 0.0004, 0.0002, 0.0002, 0.0002, 0.0002, 0.0002, 0.0002, 0.0002, 0.0002, 0.0002, 0.00035000000000000005, 0.00035000000000000005, 0.00025], [0.0, 0.0001, 0.0013, 0.0007000000000000001, 0.0004, 0.00025, 0.0002, 0.0002, 0.0002, 0.0002, 0.0002, 0.0002, 0.0002, 0.0002, 0.0002, 0.0002, 0.0002, 0.0002], [0.0, 0.0, 0.0038, 0.007649999999999999, 0.0044, 0.0004, 0.0002, 0.0002, 0.0002, 0.0002, 0.0002, 0.0002, 0.0002, 0.0002, 0.0002, 0.0002, 0.0002, 0.0002], [0.0, 0.0, 0.0014141414141414144, 0.0009090909090909091, 0.00030303030303030303, 0.00020202020202020202, 0.00020202020202020202, 0.00020202020202020202, 0.00020202020202020202, 0.0, 0.0, 0.0, 0.0, 0.0, 0.0, 0.00010101010101010101, 0.00030303030303030303, 0.00020202020202020202]], "LowerCVaROnDiffs": [-0.003592156862745098, -0.002130924630924631, -0.0039239999999999995, -0.0020686274509803923, -0.005486000000000001, -0.002743434343434344], "LowerCVaROnDrawdown": [0.0, 0.0, 0.0, 0.0, 0.0, 0.0], "IqrAcrossRuns": [0.042678160020907685, 0.26510839703181716, 0.33916915301891715, 0.17407365411328787, 0.017846535549343425, 0.034532627125747936, 0.027323483469561944, 0.003778625317238666, 0.011447809820310717, 0.018844731537067685, 0.012199364080570395, 0.00497406139562492, 0.008020417203385422, 0.009026030141970991, 0.00812156945641819, 0.006459299580661924, 0.007878250766652974, 0.00818330488305647], "LowerCVaROnAcross": [-1.0609096928304893, -0.8641283019087788, -0.546770541614935, -0.2826960781376439, -0.08311250852460576, -0.052834112545310105, -0.04631950274889687, -0.21858037874684347, -0.7184700272998426, -1.0400266402682574, -1.0345884470992934, -0.9762218628710861, -1.0317705320983845, -0.9993222938449828, -0.729625589969058, -0.4171001989753967, -0.26992274810680916, -0.24522534201301868], "MedianPerfDuringTraining": [[-100.0, -100.0, -100.0, -44.0, -9.0, -3.5, -3.0, -2.0, -2.0, -2.0, -2.0, -2.0, -2.0, -2.0, -2.0, -2.0, -3.0, -2.0], [-100.0, -100.0, -99.5, -25.5, -5.0, -3.0, -2.0, -2.0, -2.0, -3.0, -3.0, -3.0, -3.0, -3.0, -3.0, -2.0, -2.0, -2.0], [-100.0, -100.0, -100.0, -54.5, -7.5, -3.0, -2.0, -2.0, -2.0, -2.0, -2.0, -2.0, -2.0, -2.0, -2.0, -3.0, -3.0, -2.5], [-100.0, -100.0, -17.0, -3.0, -3.0, -3.0, -2.0, -2.0, -2.0, -2.0, -2.0, -2.0, -2.0, -2.0, -2.0, -2.0, -2.0, -2.0], [-100.0, -100.0, -96.5, -57.5, -15.5, -3.0, -2.0, -2.0, -2.0, -2.0, -2.0, -2.0, -2.0, -2.0, -2.0, -2.0, -2.0, -2.0], [-100.0, -100.0, -52.5, -5.0, -3.0, -2.0, -2.0, -2.0, -2.0, -100.0, -100.0, -100.0, -100.0, -100.0, -100.0, -100.0, -3.0, -2.0]]}