{"permutation0": {"curves1": {"IqrAcrossRuns": [0.043133123520512774, 0.23735857982488584, 0.3094718709858025, 0.1344003645832478, 0.04698700397645267, 0.03966073985399824, 0.012693971412806308, 0.02410583834196972, 0.005641348477281079, 0.004810051314232315, 0.007386747768520922, 0.007611252264914628, 0.004416200665108635, 0.0043805270269113095, 0.00224641276330588, 0.005211854390472612, 0.006444606608436479, 0.006568532229727481], "LowerCVaROnAcross": [-1.0653686343757085, -0.9400041176437391, -0.5649798151452708, -0.17873733303571754, -0.033527633871315986, -0.06804687950640143, -0.058202839416065924, -0.051503672702273746, -0.04030651974320279, -0.04705065604229337, -0.0538904876884925, -0.04314065082567067, -0.047943849029910474, -0.046244127890026764, -0.04037134846344475, -0.04000049909154865, -0.041159080246325024, -0.041291803995606564]}, "curves2": {"IqrAcrossRuns": [0.04195652558148526, 0.3763641634953503, 0.3942439829873615, 0.15660779201677547, 0.0464089859580194, 0.03427462056940239, 0.025792887564539898, 0.02801939299199845, 0.014553699495192108, 0.00605090749769588, 0.011166175545680616, 0.0165123636245522, 0.010631613998625262, 0.01082476848005153, 0.010737310374822282, 0.011620669847054567, 0.012189670951089178, 0.01227972806195394], "LowerCVaROnAcross": [-1958.8092874331337, -1957.2522552356872, -1958.0843259601547, -1957.7453618695995, -1956.7150916943024, -1957.0917160340591, -1959.1570886729473, -1959.8740751352793, -1957.9998400220443, -1956.4021042316267, -1956.7324384975832, -1957.1879726110888, -1956.8393942484922, -1957.4045785354115, -1959.3319337152402, -1960.8868511075011, -1961.4531166051652, -1961.5919648740578]}}, "permutation1": {"curves1": {"IqrAcrossRuns": [0.034476666644417495, 0.26127584126676157, 0.24085902361425102, 0.08144630646674618, 0.05094390857348617, 0.032316665445518776, 0.015930771782335245, 0.016047274966391415, 0.00439374735234344, 0.0036533028003217015, 0.008987363869550688, 0.011009702847225772, 0.005516165851413779, 0.006163098812775173, 0.005501171970869503, 0.008040484507092771, 0.009170763454732417, 0.009272670926954765], "LowerCVaROnAcross": [-1.0653686343757085, -0.9038943493626207, -0.519007069962181, -0.13452797178438314, -0.033527633871315986, -0.06804687950640143, -0.06150409573065136, -0.0459464682786179, -0.04030651974320279, -0.04705065604229337, -0.04572893720657348, -0.040209215413100546, -0.047943849029910474, -0.046244127890026764, -0.04037134846344475, -0.03931533584054682, -0.03908106671551048, -0.038978647121744224]}, "curves2": {"IqrAcrossRuns": [0.05752071849260711, 0.3223081663175003, 0.39517625688067326, 0.20357054699667626, 0.04272506902364853, 0.05627065914245394, 0.024571034502146726, 0.028998093147849544, 0.00791971683314048, 0.009199121795067038, 0.008436805063352613, 0.01879189061406109, 0.009213186530682196, 0.009351322933942951, 0.007667704913158593, 0.011114552863767177, 0.012831461087578851, 0.012979681285644163], "LowerCVaROnAcross": [-1958.8092874331337, -1957.2522552356872, -1958.0843259601547, -1957.7453618695995, -1956.7150916943024, -1957.0917160340591, -1959.1570886729473, -1959.8740751352793, -1957.9998400220443, -1956.4021042316267, -1956.7324384975832, -1957.1879726110888, -1956.8393942484922, -1957.4045785354115, -1959.3319337152402, -1960.8868511075011, -1961.4531166051652, -1961.5919648740578]}}, "permutation2": {"curves1": {"IqrAcrossRuns": [0.0456180828394877, 0.26345839526838244, 0.314316189993092, 0.16296533940477922, 0.028039060844442444, 0.05058195000666272, 0.007534907766647695, 0.022960601501019442, 0.014066184187037931, 0.01134244927274971, 0.005507178794324551, 0.009332846716116427, 0.006617763880118363, 0.007421513263369995, 0.007180826328987207, 0.007278362741317848, 0.007239649015020315, 0.007135576246595046], "LowerCVaROnAcross": [-1.0653686343757085, -0.9812384358751219, -0.7359621872260415, -0.33934427676832507, -0.041056983210360554, -0.08600582753612604, -0.0813206886940734, -0.054641709502844894, -0.04030651974320279, -0.04705065604229337, -0.0538904876884925, -0.04341587311525706, -0.039194766605614176, -0.03949829535794963, -0.04092575973706763, -0.044133917364132955, -0.04509306794562963, -0.04518052470240715]}, "curves2": {"IqrAcrossRuns": [0.03806680178266349, 0.3642686328368556, 0.3352126211426449, 0.10365783894937802, 0.04513888622304917, 0.03185367103462433, 0.018449184483409223, 0.02140461618757498, 0.004806215472469614, 0.0021017488424275735, 0.013658811625584475, 0.014814397125795681, 0.008467964195582229, 0.0086141018961418, 0.005979466275161558, 0.008524270258965298, 0.009968312874418711, 0.01014803310142121], "LowerCVaROnAcross": [-1958.8092874331337, -1957.2522552356872, -1958.0843259601547, -1957.7453618695995, -1956.7150916943024, -1957.0917160340591, -1959.1570886729473, -1959.8740751352793, -1957.9998400220443, -1956.4021042316267, -1956.7324384975832, -1957.1879726110888, -1956.8393942484922, -1957.4045785354115, -1959.3319337152402, -1960.8868511075011, -1961.4531166051652, -1961.5919648740578]}}}