{"permutation0": {"curves1": {"IqrAcrossRuns": [0.058631301935061476, 0.3886991792467283, 0.3535751702523035, 0.11945546628777436, 0.035046384140157524, 0.018018864856834682, 0.026100841398848523, 0.026969036725138527, 0.014706042953107745, 0.008423880789790663, 0.017144208266925823, 0.021053936824220826, 0.011835177378686652, 0.012068644210173608, 0.013630428488628768, 0.012726295441222548, 0.012077423711950723, 0.0119031343605734], "LowerCVaROnAcross": [-1958.8092874331337, -1957.2522552356872, -1958.0843259601547, -1957.7453618695995, -1956.7150916943024, -1957.0917160340591, -1959.1570886729473, -1959.8740751352793, -1957.9998400220443, -1956.4021042316267, -1956.7324384975832, -1957.1879726110888, -1956.8393942484922, -1957.4045785354115, -1959.3319337152402, -1960.8868511075011, -1961.4531166051652, -1961.5919648740578]}, "curves2": {"IqrAcrossRuns": [0.013948783406863645, 0.22155320158235758, 0.16293687521909891, 0.030567756427198094, 0.035046384140157524, 0.012294481711732736, 0.01789700747996424, 0.005050324521873841, 0.011219590370043858, 0.0026347536614320533, 0.010450908978197145, 0.007955984590922142, 0.009800945612558202, 0.01132452206940896, 0.008399693008695815, 0.00533410491212598, 0.004463583001592798, 0.004348872373385111], "LowerCVaROnAcross": [-1958.8092874331337, -1957.2522552356872, -1958.0843259601547, -1957.7453618695995, -1956.7150916943024, -1957.0917160340591, -1959.1570886729473, -1959.8740751352793, -1957.9998400220443, -1956.4021042316267, -1956.7324384975832, -1957.1879726110888, -1956.8393942484922, -1957.4045785354115, -1959.3319337152402, -1960.8868511075011, -1961.4531166051652, -1961.5919648740578]}}, "permutation1": {"curves1": {"IqrAcrossRuns": [0.028471755888971866, 0.10043067776468899, 0.09679912472146321, 0.04670547862800491, 0.03427885900321511, 0.011732312207202574, 0.017818488087490553, 0.006759448701467564, 0.010252789658334704, 0.0021253992902195455, 0.010049654273776312, 0.014444508315514514, 0.00844169246771665, 0.007682873715106067, 0.009666479072373493, 0.006602054473215233, 0.005552790914317221, 0.0053854923111757635], "LowerCVaROnAcross": [-1958.8092874331337, -1957.2522552356872, -1958.0843259601547, -1957.7453618695995, -1956.7150916943024, -1957.0917160340591, -1959.1570886729473, -1959.8740751352793, -1957.9998400220443, -1956.4021042316267, -1956.7324384975832, -1957.1879726110888, -1956.8393942484922, -1957.4045785354115, -1959.3319337152402, -1960.8868511075011, -1961.4531166051652, -1961.5919648740578]}, "curves2": {"IqrAcrossRuns": [0.0365780025915815, 0.36923310848435564, 0.25030378811349063, 0.030042031480136146, 0.03732119100349241, 0.026811442884299562, 0.04543158579268915, 0.011497162127274483, 0.016166339152427857, 0.005945130509210594, 0.009003797506458163, 0.01133458901250586, 0.0125593672343599, 0.013919037030695705, 0.011644762288349195, 0.0076911059280871325, 0.00620697947848446, 0.005958679646552833], "LowerCVaROnAcross": [-1958.8092874331337, -1957.2522552356872, -1958.0843259601547, -1957.7453618695995, -1956.7150916943024, -1957.0917160340591, -1959.1570886729473, -1959.8740751352793, -1957.9998400220443, -1956.4021042316267, -1956.7324384975832, -1957.1879726110888, -1956.8393942484922, -1957.4045785354115, -1959.3319337152402, -1960.8868511075011, -1961.4531166051652, -1961.5919648740578]}}, "permutation2": {"curves1": {"IqrAcrossRuns": [0.019954598852977064, 0.1619535503672916, 0.1326325686464115, 0.03109348137426004, 0.015106899715713744, 0.016704672524732164, 0.014177634641511176, 0.016288778790716354, 0.01040770293941956, 0.001989013303438015, 0.007539177965611709, 0.013700429592963767, 0.007852503397372194, 0.005314854273963455, 0.009666479072373493, 0.006602054473215233, 0.005552790914317221, 0.0053854923111757635], "LowerCVaROnAcross": [-1.0614890501318255, -0.9400041176437391, -0.5649798151452708, -0.14695720526315287, -0.03244635901432278, -0.08600582753612604, -0.0813206886940734, -0.051503672702273746, -0.034329798681035445, -0.045092353067925244, -0.0538904876884925, -0.04173080817522475, -0.047943849029910474, -0.046244127890026764, -0.03747390009714727, -0.03861873249059422, -0.03752777988594261, -0.0371704359092271]}, "curves2": {"IqrAcrossRuns": [0.043867499069264536, 0.2131059267016952, 0.15511442707603676, 0.04670547862800491, 0.01808417858757851, 0.00938823151331794, 0.011600958362461713, 0.0037928767414570634, 0.011945921127739586, 0.005607205249579602, 0.007164153079465612, 0.01332784583242083, 0.01900450893851199, 0.016919810007938584, 0.011644762288349195, 0.0076911059280871325, 0.00620697947848446, 0.005958679646552833], "LowerCVaROnAcross": [-1958.8092874331337, -1957.2522552356872, -1958.0843259601547, -1957.7453618695995, -1956.7150916943024, -1957.0917160340591, -1959.1570886729473, -1959.8740751352793, -1957.9998400220443, -1956.4021042316267, -1956.7324384975832, -1957.1879726110888, -1956.8393942484922, -1957.4045785354115, -1959.3319337152402, -1960.8868511075011, -1961.4531166051652, -1961.5919648740578]}}}