{"IqrWithinRuns": [[0.0, 0.00095, 0.00185, 0.00055, 0.0002, 0.0002, 0.0002, 0.0002, 0.0002, 0.0002], [0.0, 0.00030303030303030303, 0.0006565656565656566, 0.00020202020202020202, 0.00020202020202020202, 0.00040404040404040404, 0.00020202020202020202, 0.0003535353535353536, 0.00020202020202020202, 0.00020202020202020202], [0.0, 0.00015, 0.00185, 0.0002, 0.0002, 0.0002, 0.0002, 0.0002, 0.00035000000000000005, 0.0002], [0.0, 0.0013, 0.0004, 0.0002, 0.0002, 0.0002, 0.0002, 0.0002, 0.0002, 0.0002], [0.0, 0.0038, 0.0044, 0.0002, 0.0002, 0.0002, 0.0002, 0.0002, 0.0002, 0.0002], [0.0, 0.0014141414141414144, 0.00030303030303030303, 0.00020202020202020202, 0.00020202020202020202, 0.0, 0.0, 0.0, 0.00030303030303030303, 0.00020202020202020202]], "LowerCVaROnDiffs": [-0.003592156862745098, -0.002130924630924631, -0.0039239999999999995, -0.0020686274509803923, -0.005486000000000001, -0.002743434343434344], "LowerCVaROnDrawdown": [0.0, 0.0, 0.0, 0.0, 0.0, 0.0], "IqrAcrossRuns": [0.09243779866961717, 0.33916915301891715, 0.017846535549343425, 0.027323483469561944, 0.011447809820310717, 0.012199364080570395, 0.008020417203385422, 0.00812156945641819, 0.007878250766652974, 0.008190079021143432], "LowerCVaROnAcross": [-1.0262619489907587, -0.546770541614935, -0.08311250852460576, -0.04631950274889687, -0.7184700272998426, -1.0345884470992934, -1.0317705320983845, -0.729625589969058, -0.26992274810680916, -0.2444906452904666], "MedianPerfDuringTraining": [[-100.0, -100.0, -9.0, -3.0, -2.0, -2.0, -2.0, -2.0, -3.0, -3.0], [-100.0, -99.5, -5.0, -2.0, -2.0, -3.0, -3.0, -3.0, -2.0, -2.0], [-100.0, -100.0, -7.5, -2.0, -2.0, -2.0, -2.0, -2.0, -3.0, -2.0], [-100.0, -17.0, -3.0, -2.0, -2.0, -2.0, -2.0, -2.0, -2.0, -2.0], [-100.0, -96.5, -15.5, -2.0, -2.0, -2.0, -2.0, -2.0, -2.0, -2.0], [-100.0, -52.5, -3.0, -2.0, -2.0, -100.0, -100.0, -100.0, -3.0, -2.0]]}