{"permutation0": {"curves1": {"IqrAcrossRuns": [0.052170907934916584, 0.4024375641213547, 0.4007916547787088, 0.14522154817480085, 0.04138099963430867, 0.040165859752216135, 0.044373731339058704, 0.12066465787835333, 0.3553773471428187, 0.4846297813804753, 0.4935857442615049, 0.4878257049277678, 0.49067892207872793, 0.490876231848256, 0.3613523390909269, 0.20641395543695484, 0.13273767271579318, 0.12021171011255702], "LowerCVaROnAcross": [-1958.8092874331337, -1957.2522552356872, -1958.0843259601547, -1957.7453618695995, -1956.7150916943024, -1957.0917160340591, -1959.1570886729473, -1959.8740751352793, -1957.9998400220443, -1956.4021042316267, -1956.7324384975832, -1957.1879726110888, -1956.8393942484922, -1957.4045785354115, -1959.3319337152402, -1960.8868511075011, -1961.4531166051652, -1961.5919648740578]}, "curves2": {"IqrAcrossRuns": [0.041298574407138064, 0.3387248694125453, 0.4187663829275919, 0.21413495868115048, 0.06413267739661804, 0.05641062307144786, 0.02382347065856289, 0.013638494178104183, 0.012037809433695505, 0.015807374909522758, 0.008114186176958622, 0.005696300321425398, 0.00804912849499086, 0.010168947754924265, 0.006857229258507687, 0.005861872481949573, 0.005260600911541853, 0.005304949243112835], "LowerCVaROnAcross": [-1.0614890501318255, -0.9816185496643354, -1.001240825522771, -0.9377480203785041, -0.6898917984180527, -0.33145413842568533, -0.06932102953327049, -0.22109744527601677, -0.7243444806455347, -1.0745991959640717, -1.1094726681388842, -1.0188083653475315, -0.9981106717584306, -1.033216777698504, -1.0445611928672787, -1.0297913071726954, -1.0195238361856367, -1.0177139344275297]}}, "permutation1": {"curves1": {"IqrAcrossRuns": [0.07022791754278822, 0.36877317435935375, 0.42532819471327027, 0.18280746015173127, 0.0634814544184415, 0.06449839824924704, 0.022831879872845576, 0.19972475364655418, 0.690742917929347, 0.9572425694001457, 0.9608714768528014, 0.9548412948759948, 0.9538677834075416, 0.966118681662726, 0.8337079456198815, 0.6769951592006231, 0.6008190925641095, 0.587711993494058], "LowerCVaROnAcross": [-1958.8092874331337, -1957.2522552356872, -1958.0843259601547, -1957.7453618695995, -1956.7150916943024, -1957.0917160340591, -1959.1570886729473, -1959.8740751352793, -1957.9998400220443, -1956.4021042316267, -1956.7324384975832, -1957.1879726110888, -1956.8393942484922, -1957.4045785354115, -1959.3319337152402, -1960.8868511075011, -1961.4531166051652, -1961.5919648740578]}, "curves2": {"IqrAcrossRuns": [0.041426471049298925, 0.42981973906060916, 0.49722227191873464, 0.20388386005742443, 0.03189502990040049, 0.028281923821742206, 0.02847268105899779, 0.013465151639895756, 0.010602315906303386, 0.009062780625234659, 0.007547049078037862, 0.0036414228666961624, 0.007989170607500595, 0.010792773837370415, 0.009329433859039385, 0.008111215102465588, 0.006914843448613195, 0.006835863521104355], "LowerCVaROnAcross": [-1.0525409689719856, -0.9816185496643354, -1.001240825522771, -0.9377480203785041, -0.6898917984180527, -0.33145413842568533, -0.0813206886940734, -0.032336099192695436, -0.036974162759360135, -0.037726173683137146, -0.034866989878889525, -0.040209215413100546, -0.047943849029910474, -0.046244127890026764, -0.0372195445758905, -0.03352601583642372, -0.03375704981322834, -0.03370109597008143]}}, "permutation2": {"curves1": {"IqrAcrossRuns": [0.05051323672196844, 0.3243931596374908, 0.438373109273107, 0.2121318518869943, 0.03392481565081485, 0.03813248825263347, 0.029326553796399955, 0.01812887032135005, 0.011147425494364274, 0.0032833415538021694, 0.00923940714770586, 0.012845654603140506, 0.00844169246771665, 0.010150180693913446, 0.011467797867873412, 0.007698546025220361, 0.008034391366864057, 0.008141727265189176], "LowerCVaROnAcross": [-1.0614890501318255, -0.9400041176437391, -0.5649798151452708, -0.2826960781376439, -0.08311250852460576, -0.08600582753612604, -0.0813206886940734, -0.051503672702273746, -0.034329798681035445, -0.045092353067925244, -0.0538904876884925, -0.04173080817522475, -0.047943849029910474, -0.046244127890026764, -0.03747390009714727, -0.03861873249059422, -0.03752777988594261, -0.0371704359092271]}, "curves2": {"IqrAcrossRuns": [0.050924536357653934, 0.46806671726366256, 0.48506405629230637, 0.17365103780076369, 0.05147983613991275, 0.05201267045808854, 0.02473720240407549, 0.10616710501489673, 0.34370724864467045, 0.48470153839718916, 0.4885900994084475, 0.4815317974996136, 0.4755542391607493, 0.48985888089024776, 0.35908980419937975, 0.20104923299866453, 0.12843981610822564, 0.11618037322904631], "LowerCVaROnAcross": [-1958.8092874331337, -1957.2522552356872, -1958.0843259601547, -1957.7453618695995, -1956.7150916943024, -1957.0917160340591, -1959.1570886729473, -1959.8740751352793, -1957.9998400220443, -1956.4021042316267, -1956.7324384975832, -1957.1879726110888, -1956.8393942484922, -1957.4045785354115, -1959.3319337152402, -1960.8868511075011, -1961.4531166051652, -1961.5919648740578]}}}