{"IqrWithinRuns": [[0.0, 0.0, 0.0006, 0.0002, 0.0002, 0.0002, 0.0002, 0.00035000000000000005, 0.00035000000000000005, 0.0002, 0.0002, 0.0002, 0.0002, 0.0002, 0.0002, 0.0002, 0.0002, 0.0002], [0.0, 0.0004, 0.0010500000000000002, 0.0004, 0.0004, 0.0006, 0.00045, 0.0004, 0.00035000000000000005, 0.0003, 0.0003, 0.0002, 0.0002, 0.0003, 0.00035000000000000005, 0.0004, 0.0004, 0.0002], [0.0, 0.0, 0.00135, 0.002, 0.0006, 0.0004, 0.0004, 0.0003, 0.0002, 0.0004, 0.0002, 0.0002, 0.0002, 0.0002, 0.0002, 0.0002, 0.0003, 0.0005], [0.0, 0.0, 0.0012115093387178198, 0.0005552751135790008, 0.00030287733467945495, 0.00030287733467945495, 0.00020191822311963663, 0.00030287733467945495, 0.00040383644623927326, 0.00020191822311963663, 0.00020191822311963663, 0.00020191822311963663, 0.00030287733467945495, 0.00030287733467945495, 0.00030287733467945495, 0.00035335689045936416, 0.00020191822311963663, 0.00020191822311963663], [0.0, 0.0, 0.0, 0.0, 0.0, 0.0, 0.0, 0.0, 0.0, 0.0, 0.0, 0.0, 0.0, 0.0, 0.0, 0.0, 0.0, 0.0], [0.0, 0.0, 0.0, 0.0, 0.0, 0.0, 0.0, 0.0, 0.0, 0.0, 0.0, 0.0, 0.0, 0.0, 0.0, 0.0, 0.0, 0.0]], "LowerCVaROnDiffs": [-0.0015763636363636366, -0.002083018867924528, -0.0026870370370370373, -0.0012330252149518794, -0.013833333333333335, -0.01925925925925926], "LowerCVaROnDrawdown": [0.0, 0.0, 0.0, 0.0, 1.842911877394636, 0.4603174603174603], "IqrAcrossRuns": [0.06080859281917938, 0.4536219523338933, 0.7355038851527124, 0.7875884966300138, 0.7376949123133376, 0.6959508312734959, 0.7092583819509491, 0.7314233905829008, 0.7291828544183651, 0.7175375688787471, 0.7187914016205926, 0.7244960476032183, 0.7237283001347955, 0.7232129653719717, 0.7196213177800433, 0.7180670374332092, 0.7176142715443584, 0.7173713166533227], "LowerCVaROnAcross": [-98.14672491859437, -98.15912371281195, -98.10433541571842, -98.29044469747657, -98.4635408428768, -98.2398604305265, -98.0606340744572, -98.14098913842929, -98.3853475989323, -98.3827737855197, -98.17937198979007, -98.03977720576859, -98.11959959856767, -98.18488751678603, -98.10444479164437, -97.9244370989046, -97.78072539785455, -97.74784486488124], "MedianPerfDuringTraining": [[-100.0, -100.0, -25.5, -3.0, -3.0, -3.0, -3.0, -3.0, -2.0, -2.0, -2.0, -2.0, -2.0, -2.0, -2.0, -2.0, -2.0, -2.0], [-100.0, -98.0, -31.0, -3.0, -3.0, -3.0, -3.0, -3.0, -3.0, -3.0, -2.5, -2.0, -2.0, -2.0, -3.0, -3.0, -2.0, -2.0], [-100.0, -100.0, -94.5, -18.0, -3.0, -3.0, -2.5, -2.0, -2.0, -2.0, -2.0, -2.0, -2.0, -2.0, -2.0, -2.0, -3.0, -3.0], [-100.0, -100.0, -58.5, -3.5, -2.0, -2.0, -2.5, -2.0, -2.0, -2.0, -2.0, -2.0, -2.0, -2.0, -3.0, -3.0, -2.5, -2.0], [-100.0, -100.0, -100.0, -100.0, -100.0, -100.0, -100.0, -100.0, -100.0, -100.0, -100.0, -100.0, -100.0, -100.0, -100.0, -100.0, -100.0, -100.0], [-100.0, -100.0, -100.0, -100.0, -100.0, -100.0, -100.0, -100.0, -100.0, -100.0, -100.0, -100.0, -100.0, -100.0, -100.0, -100.0, -100.0, -100.0]]}