{"IqrWithinRuns": [[0.0, 0.0, 0.00095, 0.00385, 0.00185, 0.0008, 0.00055, 0.0003, 0.0002, 0.0002, 0.0002, 0.0002, 0.0002, 0.0002, 0.0002, 0.0002, 0.0002, 0.0002], [0.0, 0.0, 0.00030303030303030303, 0.0019191919191919192, 0.0006565656565656566, 0.00020202020202020202, 0.00020202020202020202, 0.00020202020202020202, 0.00020202020202020202, 0.00040404040404040404, 0.00040404040404040404, 0.00020202020202020202, 0.00020202020202020202, 0.00040404040404040404, 0.0003535353535353536, 0.00030303030303030303, 0.00020202020202020202, 0.00020202020202020202], [0.0, 0.0, 0.00015, 0.0048000000000000004, 0.00185, 0.0004, 0.0002, 0.0002, 0.0002, 0.0002, 0.0002, 0.0002, 0.0002, 0.0002, 0.0002, 0.00035000000000000005, 0.00035000000000000005, 0.00025], [0.0, 0.0001, 0.0013, 0.0007000000000000001, 0.0004, 0.00025, 0.0002, 0.0002, 0.0002, 0.0002, 0.0002, 0.0002, 0.0002, 0.0002, 0.0002, 0.0002, 0.0002, 0.0002], [0.0, 0.0, 0.0038, 0.007649999999999999, 0.0044, 0.0004, 0.0002, 0.0002, 0.0002, 0.0002, 0.0002, 0.0002, 0.0002, 0.0002, 0.0002, 0.0002, 0.0002, 0.0002], [0.0, 0.0, 0.0014141414141414144, 0.0009090909090909091, 0.00030303030303030303, 0.00020202020202020202, 0.00020202020202020202, 0.00020202020202020202, 0.00020202020202020202, 0.0, 0.0, 0.0, 0.0, 0.0, 0.0, 0.00010101010101010101, 0.00030303030303030303, 0.00020202020202020202]], "LowerCVaROnDiffs": [-0.003592156862745098, -0.002130924630924631, -0.0039239999999999995, -0.0020686274509803923, -0.005486000000000001, -0.002743434343434344], "LowerCVaROnDrawdown": [0.0, 0.0, 0.0, 0.0, 0.0, 0.0], "IqrAcrossRuns": [0.013631123966036796, 0.0028126465392410683, 0.0012589138130563262, 0.0005630900653309973, 0.000255151494560199, 0.00011864685175941539, 5.6765250206293404e-05, 2.7559359456782602e-05, 1.3216450048146931e-05, 6.06787823160658e-06, 2.5881147092699144e-06, 9.98679271429938e-07, 3.4473615335603275e-07, 1.1354870633629091e-07, 4.766592046255779e-08, 3.399195641324465e-08, 3.227929003581024e-08, 3.2194958577429876e-08], "LowerCVaROnAcross": [0.14544865433423526, 0.0298232908657729, 0.013391281999889829, 0.006039483669187266, 0.002773183605863011, 0.0013079956821776852, 0.0006313866452260343, 0.00030655670934422175, 0.00014567896724917919, 6.56659018990573e-05, 2.7208334029256784e-05, 1.0084404128565607e-05, 3.3306737692958527e-06, 1.0949166985585366e-06, 5.221690909193511e-07, 4.2505389163013205e-07, 4.1816061636599483e-07, 4.185468783004378e-07], "MedianPerfDuringTraining": [[-100.0, -100.0, -100.0, -44.0, -9.0, -3.5, -3.0, -2.0, -2.0, -2.0, -2.0, -2.0, -2.0, -2.0, -2.0, -2.0, -3.0, -2.0], [-100.0, -100.0, -99.5, -25.5, -5.0, -3.0, -2.0, -2.0, -2.0, -3.0, -3.0, -3.0, -3.0, -3.0, -3.0, -2.0, -2.0, -2.0], [-100.0, -100.0, -100.0, -54.5, -7.5, -3.0, -2.0, -2.0, -2.0, -2.0, -2.0, -2.0, -2.0, -2.0, -2.0, -3.0, -3.0, -2.5], [-100.0, -100.0, -17.0, -3.0, -3.0, -3.0, -2.0, -2.0, -2.0, -2.0, -2.0, -2.0, -2.0, -2.0, -2.0, -2.0, -2.0, -2.0], [-100.0, -100.0, -96.5, -57.5, -15.5, -3.0, -2.0, -2.0, -2.0, -2.0, -2.0, -2.0, -2.0, -2.0, -2.0, -2.0, -2.0, -2.0], [-100.0, -100.0, -52.5, -5.0, -3.0, -2.0, -2.0, -2.0, -2.0, -100.0, -100.0, -100.0, -100.0, -100.0, -100.0, -100.0, -3.0, -2.0]]}