{"IqrWithinRuns": [[0.0, 0.0, 0.0001, 0.0014500000000000001, 0.0010500000000000002, 0.0003, 0.0002, 0.0002, 0.0002, 0.0002, 0.0002, 0.0002, 0.0002, 0.0002, 0.0002, 0.0002, 0.0002, 0.0002], [0.0, 0.0, 0.0025, 0.0017499999999999998, 0.00035000000000000005, 0.0002, 0.0002, 0.0002, 0.0002, 0.0002, 0.0003, 0.0002, 0.0002, 0.0002, 0.0002, 0.0002, 0.00025, 0.00035000000000000005], [0.0, 0.0, 0.0, 0.0, 0.00040404040404040404, 0.0030303030303030303, 0.0024242424242424242, 0.0006565656565656566, 0.00040404040404040404, 0.00020202020202020202, 0.00020202020202020202, 0.00020202020202020202, 0.00020202020202020202, 0.0002525252525252525, 0.00020202020202020202, 0.00020202020202020202, 0.00020202020202020202, 0.00020202020202020202], [0.0, 0.0010526315789473684, 0.00036842105263157896, 0.0002105263157894737, 0.0002105263157894737, 0.0002105263157894737, 0.0002105263157894737, 0.0002105263157894737, 0.0002105263157894737, 0.0, 0.0, 0.0, 0.0, 0.0, 0.0, 0.0, 0.0, 0.0], [0.0, 0.0, 0.00095, 0.00385, 0.00185, 0.0008, 0.00055, 0.0003, 0.0002, 0.0002, 0.0002, 0.0002, 0.0002, 0.0002, 0.0002, 0.0002, 0.0002, 0.0002], [0.0, 0.0, 0.00030303030303030303, 0.0019191919191919192, 0.0006565656565656566, 0.00020202020202020202, 0.00020202020202020202, 0.00020202020202020202, 0.00020202020202020202, 0.00040404040404040404, 0.00040404040404040404, 0.00020202020202020202, 0.00020202020202020202, 0.00040404040404040404, 0.0003535353535353536, 0.00030303030303030303, 0.00020202020202020202, 0.00020202020202020202], [0.0, 0.0, 0.00015, 0.0048000000000000004, 0.00185, 0.0004, 0.0002, 0.0002, 0.0002, 0.0002, 0.0002, 0.0002, 0.0002, 0.0002, 0.0002, 0.00035000000000000005, 0.00035000000000000005, 0.00025], [0.0, 0.0001, 0.0013, 0.0007000000000000001, 0.0004, 0.00025, 0.0002, 0.0002, 0.0002, 0.0002, 0.0002, 0.0002, 0.0002, 0.0002, 0.0002, 0.0002, 0.0002, 0.0002], [0.0, 0.0, 0.0038, 0.007649999999999999, 0.0044, 0.0004, 0.0002, 0.0002, 0.0002, 0.0002, 0.0002, 0.0002, 0.0002, 0.0002, 0.0002, 0.0002, 0.0002, 0.0002], [0.0, 0.0, 0.0014141414141414144, 0.0009090909090909091, 0.00030303030303030303, 0.00020202020202020202, 0.00020202020202020202, 0.00020202020202020202, 0.00020202020202020202, 0.0, 0.0, 0.0, 0.0, 0.0, 0.0, 0.00010101010101010101, 0.00030303030303030303, 0.00020202020202020202]], "LowerCVaROnDiffs": [-0.0021803921568627448, -0.002890566037735849, -0.004042424242424243, -0.0017952153110047846, -0.003592156862745098, -0.002130924630924631, -0.0039239999999999995, -0.0020686274509803923, -0.005486000000000001, -0.002743434343434344], "LowerCVaROnDrawdown": [0.0, 0.0, 0.0, 0.006355511420059584, 0.0, 0.0, 0.0, 0.0, 0.0, 0.0], "IqrAcrossRuns": [0.04013126711283121, 0.31922733053215313, 0.3891022817092638, 0.19182578045117718, 0.06817811686153533, 0.04150631049887643, 0.03524718858728991, 0.013650872588610134, 0.013675167576150948, 0.020311290679422552, 0.01269963116370167, 0.0050627994980305055, 0.007521955081521141, 0.009560512140508468, 0.0069027575717858, 0.008192903515849741, 0.009974160078270834, 0.01041685844513875], "LowerCVaROnAcross": [-1.0609096928304893, -0.9816185496643354, -1.001240825522771, -0.9377480203785041, -0.6898917984180527, -0.33145413842568533, -0.06932102953327049, -0.22109744527601677, -0.7243444806455347, -1.0745991959640717, -1.1094726681388842, -1.0188083653475315, -1.0317705320983845, -1.033216777698504, -1.0445611928672787, -1.0297913071726954, -1.0195238361856367, -1.0177139344275297], "MedianPerfDuringTraining": [[-100.0, -100.0, -100.0, -79.0, -5.0, -2.0, -2.0, -2.0, -2.0, -2.0, -2.0, -2.0, -2.0, -2.0, -3.0, -3.0, -3.0, -3.0], [-100.0, -100.0, -79.5, -6.5, -3.0, -2.0, -2.0, -2.0, -2.5, -2.0, -2.0, -2.0, -2.0, -2.0, -3.0, -2.5, -2.0, -2.0], [-100.0, -100.0, -100.0, -100.0, -100.0, -92.5, -15.5, -3.0, -2.0, -3.0, -2.5, -2.0, -2.0, -2.0, -2.0, -2.0, -2.0, -2.0], [-100.0, -57.5, -3.0, -2.0, -2.0, -2.0, -2.0, -2.0, -3.0, -100.0, -100.0, -100.0, -100.0, -100.0, -100.0, -100.0, -100.0, -100.0], [-100.0, -100.0, -100.0, -44.0, -9.0, -3.5, -3.0, -2.0, -2.0, -2.0, -2.0, -2.0, -2.0, -2.0, -2.0, -2.0, -3.0, -2.0], [-100.0, -100.0, -99.5, -25.5, -5.0, -3.0, -2.0, -2.0, -2.0, -3.0, -3.0, -3.0, -3.0, -3.0, -3.0, -2.0, -2.0, -2.0], [-100.0, -100.0, -100.0, -54.5, -7.5, -3.0, -2.0, -2.0, -2.0, -2.0, -2.0, -2.0, -2.0, -2.0, -2.0, -3.0, -3.0, -2.5], [-100.0, -100.0, -17.0, -3.0, -3.0, -3.0, -2.0, -2.0, -2.0, -2.0, -2.0, -2.0, -2.0, -2.0, -2.0, -2.0, -2.0, -2.0], [-100.0, -100.0, -96.5, -57.5, -15.5, -3.0, -2.0, -2.0, -2.0, -2.0, -2.0, -2.0, -2.0, -2.0, -2.0, -2.0, -2.0, -2.0], [-100.0, -100.0, -52.5, -5.0, -3.0, -2.0, -2.0, -2.0, -2.0, -100.0, -100.0, -100.0, -100.0, -100.0, -100.0, -100.0, -3.0, -2.0]]}