{"IqrWithinRuns": [[0.0006122448979591836, 0.00040816326530612246, 0.00040816326530612246, 0.00040816326530612246, 0.00040816326530612246], [0.0003061224489795918, 0.00040816326530612246, 0.00040816326530612246, 0.00040816326530612246, 0.00020408163265306123], [0.0005102040816326531, 0.00040816326530612246, 0.00040816326530612246, 0.0003061224489795918, 0.00040816326530612246], [0.0005555555555555556, 0.00040404040404040404, 0.00040404040404040404, 0.00040404040404040404, 0.00040404040404040404], [0.00045454545454545455, 0.00040404040404040404, 0.00040404040404040404, 0.000505050505050505, 0.00040404040404040404], [0.0005263157894736842, 0.0004210526315789474, 0.0004210526315789474, 0.00036842105263157896, 0.00036842105263157896]], "LowerCVaROnDiffs": [-0.0015427962229667986, -0.0011104441776710685, -0.0013165266106442575, -0.001723232323232323, -0.0010101010101010099, -0.0010846102598267822], "LowerCVaROnDrawdown": [0.0, 0.003767660910518051, 0.00585480093676815, 0.00546000546000546, 0.005165289256198347, 0.004887218045112782], "IqrAcrossRuns": [0.032341932973401905, 0.009038278173889113, 0.005032417583198575, 0.0015132398156162974, 0.005617743700040128], "LowerCVaROnAcross": [-0.013389059133684907, -0.04106042078433469, -0.04955183544701563, -0.0490774317576126, -0.05182964644089572], "MedianPerfDuringTraining": [[-5.0, -4.0, -5.0, -4.0, -5.0], [-5.0, -5.0, -5.0, -5.0, -5.0], [-5.0, -5.0, -5.0, -5.0, -4.0], [-5.0, -4.0, -4.0, -5.0, -4.0], [-4.0, -4.0, -5.0, -5.0, -5.0], [-5.0, -4.0, -5.0, -4.5, -4.0]]}