{"permutation0": {"curves1": {"IqrAcrossRuns": [0.03601320293894344, 0.1017139331554839, 0.2040286659430909, 0.1297903457475415, 0.049541619876575314, 0.02798227354623767, 0.012693971412806308, 0.020034084823101605, 0.010043413539220907, 0.006979326771848708, 0.004072769835202568, 0.006714269231352603, 0.0026283303400652445, 0.004421995946599653, 0.0007619639112316727, 0.0018456092324362705, 0.0023086974351937783, 0.002437025865207915], "LowerCVaROnAcross": [-1.0653686343757085, -0.9812384358751219, -0.7359621872260415, -0.33934427676832507, -0.041056983210360554, -0.06403489927734748, -0.06150409573065136, -0.054641709502844894, -0.04030651974320279, -0.04705065604229337, -0.04572893720657348, -0.04341587311525706, -0.039194766605614176, -0.03888295195215926, -0.04092575973706763, -0.044133917364132955, -0.04509306794562963, -0.04518052470240715]}, "curves2": {"IqrAcrossRuns": [0.0190264264669909, 0.09138119511066156, 0.1606975655960544, 0.1201538729410961, 0.023384671880343107, 0.02167656755948564, 0.0036533378747213643, 0.015372156051031255, 0.005146923683060196, 0.007695782593530001, 0.001545169047826224, 0.004181890838970433, 0.0031372032140081006, 0.004819036997978397, 0.0028721679280671324, 0.0022372483973709997, 0.002272875006632042, 0.002278198617970248], "LowerCVaROnAcross": [-1.0653686343757085, -0.9812384358751219, -0.7359621872260415, -0.33934427676832507, -0.041056983210360554, -0.055496811370002376, -0.06150409573065136, -0.054641709502844894, -0.03562589613312121, -0.04182437324264546, -0.04572893720657348, -0.04341587311525706, -0.039194766605614176, -0.03949829535794963, -0.04092575973706763, -0.044133917364132955, -0.04509306794562963, -0.04518052470240715]}}, "permutation1": {"curves1": {"IqrAcrossRuns": [0.02692646063007023, 0.17027999007826633, 0.20375953734625082, 0.11218900538326868, 0.018465115648540854, 0.027167456107562306, 0.005390703811480964, 0.018255334855926886, 0.007324727900492954, 0.007569165331016367, 0.0033889560280291713, 0.005962901284054947, 0.002894697592471924, 0.002833474052158998, 0.0023031925878058174, 0.0025695533498173127, 0.0031089372811287895, 0.003210562067522922], "LowerCVaROnAcross": [-1.0653686343757085, -0.9812384358751219, -0.7359621872260415, -0.33934427676832507, -0.041056983210360554, -0.06403489927734748, -0.06150409573065136, -0.054641709502844894, -0.04030651974320279, -0.04705065604229337, -0.04572893720657348, -0.04341587311525706, -0.039194766605614176, -0.03949829535794963, -0.04092575973706763, -0.044133917364132955, -0.04509306794562963, -0.04518052470240715]}, "curves2": {"IqrAcrossRuns": [0.031136602651763285, 0.05200654561636856, 0.1606975655960544, 0.14271219268533514, 0.03703611713105651, 0.025215487705165882, 0.005912749970928209, 0.017819847847174893, 0.004288740962114322, 0.008069835018819619, 0.004587332174076989, 0.00553770003997155, 0.002604327127172483, 0.005101532585109085, 0.0022949442558672616, 0.003088164279718993, 0.0034145046547453314, 0.003432823590999855], "LowerCVaROnAcross": [-1.0653686343757085, -0.9812384358751219, -0.7359621872260415, -0.33934427676832507, -0.041056983210360554, -0.06403489927734748, -0.058202839416065924, -0.054641709502844894, -0.04030651974320279, -0.04705065604229337, -0.04572893720657348, -0.04341587311525706, -0.039194766605614176, -0.03949829535794963, -0.04092575973706763, -0.044133917364132955, -0.04509306794562963, -0.04518052470240715]}}, "permutation2": {"curves1": {"IqrAcrossRuns": [0.03563242501809772, 0.20726351293431086, 0.2676042843159292, 0.16747468380094838, 0.04514378826283696, 0.0380493652717244, 0.011900158323059342, 0.02030592591640805, 0.007399398878864466, 0.012928560021347704, 0.004663295365366792, 0.003743634265363241, 0.001878017560517365, 0.004791350866915336, 0.0028069710622719763, 0.003049749856501867, 0.002367313922661799, 0.0022716573051228444], "LowerCVaROnAcross": [-1.0653686343757085, -0.9812384358751219, -0.7359621872260415, -0.33934427676832507, -0.041056983210360554, -0.06403489927734748, -0.06150409573065136, -0.054641709502844894, -0.04030651974320279, -0.04705065604229337, -0.04572893720657348, -0.04341587311525706, -0.039194766605614176, -0.03949829535794963, -0.04092575973706763, -0.044133917364132955, -0.04509306794562963, -0.04518052470240715]}, "curves2": {"IqrAcrossRuns": [0.03278593195390293, 0.07745684829857992, 0.15217457182380525, 0.10266202911575398, 0.023384671880343107, 0.025603798570930276, 0.00498531469483158, 0.014862495779679566, 0.006102629892654404, 0.002137733344531717, 0.0028426414291045066, 0.005641953575570874, 0.00510055723111611, 0.003220212833705446, 0.0013262304586856423, 0.002727060836008628, 0.003890983940408607, 0.00411000649451153], "LowerCVaROnAcross": [-1.0653686343757085, -0.9812384358751219, -0.7359621872260415, -0.33934427676832507, -0.041056983210360554, -0.055496811370002376, -0.058202839416065924, -0.054641709502844894, -0.03562589613312121, -0.04182437324264546, -0.04572893720657348, -0.04341587311525706, -0.039194766605614176, -0.03949829535794963, -0.04092575973706763, -0.044133917364132955, -0.04509306794562963, -0.04518052470240715]}}}